"COMP_LEVEL";"VALUEDATE";"MESS_ID";"VALUE";"STATE_VAL";"STATE_ACQ";"STATE_COR";"ENTRYDATE";"MIN";"MINDATE";"MAX";"MAXDATE";"AVG";"SUM";"PVALUE";"OFFSET";"VERSION";"TEXT"
"2100";"01.01.2022 23:00:00";"181165";"48.6818895160778";"50";"0";"999";"08.03.2022 13:59:24";"48.6818895160778";"01.01.2022 23:00:00";"48.6818895160778";"01.01.2022 23:00:00";"48.6818895160778";"48.6818895160778";"2.02841206316991";"1";"01.01.0001 00:00:00";""
"2100";"02.01.2022 23:00:00";"181165";"51.7009214240516";"50";"0";"0";"08.03.2022 13:59:24";"51.7009214240516";"02.01.2022 23:00:00";"51.7009214240516";"02.01.2022 23:00:00";"51.7009214240516";"51.7009214240516";"2.15420505933548";"1";"01.01.0001 00:00:00";""
"2100";"03.01.2022 23:00:00";"181165";"46.6392927531654";"50";"0";"0";"08.03.2022 13:59:24";"46.6392927531654";"03.01.2022 23:00:00";"46.6392927531654";"03.01.2022 23:00:00";"46.6392927531654";"46.6392927531654";"1.94330386471523";"1";"01.01.0001 00:00:00";""
"2100";"04.01.2022 23:00:00";"181165";"46.6392927531654";"50";"0";"0";"08.03.2022 13:59:24";"46.6392927531654";"04.01.2022 23:00:00";"46.6392927531654";"04.01.2022 23:00:00";"46.6392927531654";"46.6392927531654";"1.94330386471523";"1";"01.01.0001 00:00:00";""
"2100";"05.01.2022 23:00:00";"181165";"46.6392927531654";"50";"0";"0";"08.03.2022 13:59:24";"46.6392927531654";"05.01.2022 23:00:00";"46.6392927531654";"05.01.2022 23:00:00";"46.6392927531654";"46.6392927531654";"1.94330386471523";"1";"01.01.0001 00:00:00";""
"2100";"06.01.2022 23:00:00";"181165";"46.6392927531654";"50";"0";"0";"08.03.2022 13:59:24";"46.6392927531654";"06.01.2022 23:00:00";"46.6392927531654";"06.01.2022 23:00:00";"46.6392927531654";"46.6392927531654";"1.94330386471523";"1";"01.01.0001 00:00:00";""
"2100";"07.01.2022 23:00:00";"181165";"45.6809511212511";"50";"0";"0";"08.03.2022 13:59:24";"45.6809511212511";"07.01.2022 23:00:00";"45.6809511212511";"07.01.2022 23:00:00";"45.6809511212511";"45.6809511212511";"1.90337296338546";"1";"01.01.0001 00:00:00";""
"2100";"08.01.2022 23:00:00";"181165";"45.6809511212511";"50";"0";"0";"08.03.2022 13:59:24";"45.6809511212511";"08.01.2022 23:00:00";"45.6809511212511";"08.01.2022 23:00:00";"45.6809511212511";"45.6809511212511";"1.90337296338546";"1";"01.01.0001 00:00:00";""
"2100";"09.01.2022 23:00:00";"181165";"46.6392927531654";"50";"0";"0";"08.03.2022 13:59:24";"46.6392927531654";"09.01.2022 23:00:00";"46.6392927531654";"09.01.2022 23:00:00";"46.6392927531654";"46.6392927531654";"1.94330386471523";"1";"01.01.0001 00:00:00";""
"2100";"10.01.2022 23:00:00";"181165";"46.6392927531654";"50";"0";"0";"08.03.2022 13:59:24";"46.6392927531654";"10.01.2022 23:00:00";"46.6392927531654";"10.01.2022 23:00:00";"46.6392927531654";"46.6392927531654";"1.94330386471523";"1";"01.01.0001 00:00:00";""
"2100";"11.01.2022 23:00:00";"181165";"58.5036742430057";"50";"0";"999";"08.03.2022 13:59:24";"58.5036742430057";"11.01.2022 23:00:00";"58.5036742430057";"11.01.2022 23:00:00";"58.5036742430057";"58.5036742430057";"2.43765309345857";"1";"01.01.0001 00:00:00";""
"2100";"12.01.2022 23:00:00";"181165";"47.8028460176991";"50";"0";"0";"12.01.2022 23:39:21";"47.8028460176991";"12.01.2022 23:00:00";"47.8028460176991";"12.01.2022 23:00:00";"47.8028460176991";"47.8028460176991";"1.99178525073746";"1";"01.01.0001 00:00:00";""
"2100";"13.01.2022 23:00:00";"181165";"47.8375508715473";"50";"0";"0";"13.01.2022 23:39:31";"47.8375508715473";"13.01.2022 23:00:00";"47.8375508715473";"13.01.2022 23:00:00";"47.8375508715473";"47.8375508715473";"1.99323128631447";"1";"01.01.0001 00:00:00";""
"2100";"14.01.2022 23:00:00";"181165";"47.6968012242997";"50";"0";"0";"14.01.2022 23:39:27";"47.6968012242997";"14.01.2022 23:00:00";"47.6968012242997";"14.01.2022 23:00:00";"47.6968012242997";"47.6968012242997";"1.98736671767915";"1";"01.01.0001 00:00:00";""
"2100";"15.01.2022 23:00:00";"181165";"47.6169611155806";"50";"0";"0";"15.01.2022 23:39:10";"47.6169611155806";"15.01.2022 23:00:00";"47.6169611155806";"15.01.2022 23:00:00";"47.6169611155806";"47.6169611155806";"1.98404004648252";"1";"01.01.0001 00:00:00";""
"2100";"16.01.2022 23:00:00";"181165";"47.6930265486726";"50";"0";"0";"16.01.2022 23:38:56";"47.6930265486726";"16.01.2022 23:00:00";"47.6930265486726";"16.01.2022 23:00:00";"47.6930265486726";"47.6930265486726";"1.98720943952802";"1";"01.01.0001 00:00:00";""
"2100";"17.01.2022 23:00:00";"181165";"47.6213077117573";"50";"0";"0";"17.01.2022 23:40:02";"47.6213077117573";"17.01.2022 23:00:00";"47.6213077117573";"17.01.2022 23:00:00";"47.6213077117573";"47.6213077117573";"1.98422115465655";"1";"01.01.0001 00:00:00";""
"2100";"18.01.2022 23:00:00";"181165";"46.8488692756473";"50";"0";"0";"18.01.2022 23:38:14";"46.8488692756473";"18.01.2022 23:00:00";"46.8488692756473";"18.01.2022 23:00:00";"46.8488692756473";"46.8488692756473";"1.95203621981864";"1";"01.01.0001 00:00:00";""
"2100";"19.01.2022 23:00:00";"181165";"46.9055255943085";"50";"0";"0";"19.01.2022 23:40:00";"46.9055255943085";"19.01.2022 23:00:00";"46.9055255943085";"19.01.2022 23:00:00";"46.9055255943085";"46.9055255943085";"1.95439689976285";"1";"01.01.0001 00:00:00";""
"2100";"20.01.2022 23:00:00";"181165";"47.3875945788725";"50";"0";"0";"20.01.2022 23:38:16";"47.3875945788725";"20.01.2022 23:00:00";"47.3875945788725";"20.01.2022 23:00:00";"47.3875945788725";"47.3875945788725";"1.97448310745302";"1";"01.01.0001 00:00:00";""
"2100";"21.01.2022 23:00:00";"181165";"47.1699304164862";"50";"0";"0";"21.01.2022 23:38:49";"47.1699304164862";"21.01.2022 23:00:00";"47.1699304164862";"21.01.2022 23:00:00";"47.1699304164862";"47.1699304164862";"1.96541376735359";"1";"01.01.0001 00:00:00";""
"2100";"22.01.2022 23:00:00";"181165";"47.9984585184727";"50";"0";"0";"22.01.2022 23:38:44";"47.9984585184727";"22.01.2022 23:00:00";"47.9984585184727";"22.01.2022 23:00:00";"47.9984585184727";"47.9984585184727";"1.99993577160303";"1";"01.01.0001 00:00:00";""
"2100";"23.01.2022 23:00:00";"181165";"47.9984585184727";"50";"0";"0";"23.01.2022 23:38:26";"47.9984585184727";"23.01.2022 23:00:00";"47.9984585184727";"23.01.2022 23:00:00";"47.9984585184727";"47.9984585184727";"1.99993577160303";"1";"01.01.0001 00:00:00";""
"2100";"24.01.2022 23:00:00";"181165";"47.2671650411962";"50";"0";"0";"24.01.2022 23:37:40";"47.2671650411962";"24.01.2022 23:00:00";"47.2671650411962";"24.01.2022 23:00:00";"47.2671650411962";"47.2671650411962";"1.96946521004984";"1";"01.01.0001 00:00:00";""
"2100";"25.01.2022 23:00:00";"181165";"45.6252451291988";"50";"0";"999";"25.01.2022 23:38:10";"45.6252451291988";"25.01.2022 23:00:00";"45.6252451291988";"25.01.2022 23:00:00";"45.6252451291988";"45.6252451291988";"1.90105188038328";"1";"01.01.0001 00:00:00";""
"2100";"26.01.2022 23:00:00";"181165";"45.9766203300646";"50";"0";"0";"26.01.2022 23:38:57";"45.9766203300646";"26.01.2022 23:00:00";"45.9766203300646";"26.01.2022 23:00:00";"45.9766203300646";"45.9766203300646";"1.91569251375269";"1";"01.01.0001 00:00:00";""
"2100";"27.01.2022 23:00:00";"181165";"47.7246229593415";"50";"0";"0";"27.01.2022 23:40:17";"47.7246229593415";"27.01.2022 23:00:00";"47.7246229593415";"27.01.2022 23:00:00";"47.7246229593415";"47.7246229593415";"1.98852595663923";"1";"01.01.0001 00:00:00";""
"2100";"28.01.2022 23:00:00";"181165";"47.7948372052726";"50";"0";"999";"28.01.2022 23:39:27";"47.7948372052726";"28.01.2022 23:00:00";"47.7948372052726";"28.01.2022 23:00:00";"47.7948372052726";"47.7948372052726";"1.99145155021969";"1";"01.01.0001 00:00:00";""
"2100";"29.01.2022 23:00:00";"181165";"47.5954092428712";"50";"0";"0";"29.01.2022 23:39:13";"47.5954092428712";"29.01.2022 23:00:00";"47.5954092428712";"29.01.2022 23:00:00";"47.5954092428712";"47.5954092428712";"1.9831420517863";"1";"01.01.0001 00:00:00";""
"2100";"30.01.2022 23:00:00";"181165";"47.5954092428712";"50";"0";"999";"30.01.2022 23:39:06";"47.5954092428712";"30.01.2022 23:00:00";"47.5954092428712";"30.01.2022 23:00:00";"47.5954092428712";"47.5954092428712";"1.9831420517863";"1";"01.01.0001 00:00:00";""
"2100";"31.01.2022 23:00:00";"181165";"47.4507874002104";"50";"0";"0";"31.01.2022 23:37:55";"47.4507874002104";"31.01.2022 23:00:00";"47.4507874002104";"31.01.2022 23:00:00";"47.4507874002104";"47.4507874002104";"1.97711614167543";"1";"01.01.0001 00:00:00";""
"2100";"01.02.2022 23:00:00";"181165";"47.5841944674794";"50";"0";"999";"01.02.2022 23:38:00";"47.5841944674794";"01.02.2022 23:00:00";"47.5841944674794";"01.02.2022 23:00:00";"47.5841944674794";"47.5841944674794";"1.98267476947831";"1";"01.01.0001 00:00:00";""
"2100";"02.02.2022 23:00:00";"181165";"47.7948372052726";"50";"0";"0";"02.02.2022 23:39:09";"47.7948372052726";"02.02.2022 23:00:00";"47.7948372052726";"02.02.2022 23:00:00";"47.7948372052726";"47.7948372052726";"1.99145155021969";"1";"01.01.0001 00:00:00";""
"2100";"03.02.2022 23:00:00";"181165";"47.3234753195674";"50";"0";"0";"03.02.2022 23:39:20";"47.3234753195674";"03.02.2022 23:00:00";"47.3234753195674";"03.02.2022 23:00:00";"47.3234753195674";"47.3234753195674";"1.97181147164864";"1";"01.01.0001 00:00:00";""
"2100";"04.02.2022 23:00:00";"181165";"47.9282442725416";"50";"0";"0";"04.02.2022 23:38:33";"47.9282442725416";"04.02.2022 23:00:00";"47.9282442725416";"04.02.2022 23:00:00";"47.9282442725416";"47.9282442725416";"1.99701017802257";"1";"01.01.0001 00:00:00";""
"2100";"05.02.2022 23:00:00";"181165";"47.4629286135693";"50";"0";"0";"05.02.2022 23:38:26";"47.4629286135693";"05.02.2022 23:00:00";"47.4629286135693";"05.02.2022 23:00:00";"47.4629286135693";"47.4629286135693";"1.97762202556539";"1";"01.01.0001 00:00:00";""
"2100";"06.02.2022 23:00:00";"181165";"47.5954092428712";"50";"0";"999";"06.02.2022 23:38:47";"47.5954092428712";"06.02.2022 23:00:00";"47.5954092428712";"06.02.2022 23:00:00";"47.5954092428712";"47.5954092428712";"1.9831420517863";"1";"01.01.0001 00:00:00";""
"2100";"07.02.2022 23:00:00";"181165";"47.5841944674794";"50";"0";"0";"07.02.2022 23:38:47";"47.5841944674794";"07.02.2022 23:00:00";"47.5841944674794";"07.02.2022 23:00:00";"47.5841944674794";"47.5841944674794";"1.98267476947831";"1";"01.01.0001 00:00:00";""
"2100";"08.02.2022 23:00:00";"181165";"47.6651358898722";"50";"0";"0";"08.02.2022 23:38:45";"47.6651358898722";"08.02.2022 23:00:00";"47.6651358898722";"08.02.2022 23:00:00";"47.6651358898722";"47.6651358898722";"1.98604732874467";"1";"01.01.0001 00:00:00";""
"2100";"09.02.2022 23:00:00";"181165";"47.0270659201734";"50";"0";"0";"09.02.2022 23:38:21";"47.0270659201734";"09.02.2022 23:00:00";"47.0270659201734";"09.02.2022 23:00:00";"47.0270659201734";"47.0270659201734";"1.95946108000722";"1";"01.01.0001 00:00:00";""
"2100";"10.02.2022 23:00:00";"181165";"47.1497317977937";"50";"0";"0";"10.02.2022 23:38:28";"47.1497317977937";"10.02.2022 23:00:00";"47.1497317977937";"10.02.2022 23:00:00";"47.1497317977937";"47.1497317977937";"1.9645721582414";"1";"01.01.0001 00:00:00";""
"2100";"11.02.2022 23:00:00";"181165";"47.7176015347484";"50";"0";"0";"11.02.2022 23:39:26";"47.7176015347484";"11.02.2022 23:00:00";"47.7176015347484";"11.02.2022 23:00:00";"47.7176015347484";"47.7176015347484";"1.98823339728118";"1";"01.01.0001 00:00:00";""
"2100";"12.02.2022 23:00:00";"181165";"46.8493341199607";"50";"0";"0";"12.02.2022 23:39:35";"46.8493341199607";"12.02.2022 23:00:00";"46.8493341199607";"12.02.2022 23:00:00";"46.8493341199607";"46.8493341199607";"1.95205558833169";"1";"01.01.0001 00:00:00";""
"2100";"13.02.2022 23:00:00";"181165";"47.5210016461415";"50";"0";"999";"13.02.2022 23:37:14";"47.5210016461415";"13.02.2022 23:00:00";"47.5210016461415";"13.02.2022 23:00:00";"47.5210016461415";"47.5210016461415";"1.98004173525589";"1";"01.01.0001 00:00:00";""
"2100";"14.02.2022 23:00:00";"181165";"47.3364108147696";"50";"0";"0";"14.02.2022 23:39:41";"47.3364108147696";"14.02.2022 23:00:00";"47.3364108147696";"14.02.2022 23:00:00";"47.3364108147696";"47.3364108147696";"1.9723504506154";"1";"01.01.0001 00:00:00";""
"2100";"15.02.2022 23:00:00";"181165";"46.8221549575582";"50";"0";"999";"15.02.2022 23:38:46";"46.8221549575582";"15.02.2022 23:00:00";"46.8221549575582";"15.02.2022 23:00:00";"46.8221549575582";"46.8221549575582";"1.95092312323159";"1";"01.01.0001 00:00:00";""
"2100";"16.02.2022 23:00:00";"181165";"47.6999992133727";"50";"0";"0";"16.02.2022 23:39:17";"47.6999992133727";"16.02.2022 23:00:00";"47.6999992133727";"16.02.2022 23:00:00";"47.6999992133727";"47.6999992133727";"1.98749996722386";"1";"01.01.0001 00:00:00";""
"2100";"17.02.2022 23:00:00";"181165";"48.1318655857417";"50";"0";"0";"17.02.2022 23:38:37";"48.1318655857417";"17.02.2022 23:00:00";"48.1318655857417";"17.02.2022 23:00:00";"48.1318655857417";"48.1318655857417";"2.0054943994059";"1";"01.01.0001 00:00:00";""
"2100";"18.02.2022 23:00:00";"181165";"47.6023819075713";"50";"0";"0";"18.02.2022 23:38:51";"47.6023819075713";"18.02.2022 23:00:00";"47.6023819075713";"18.02.2022 23:00:00";"47.6023819075713";"47.6023819075713";"1.98343257948214";"1";"01.01.0001 00:00:00";""
"2100";"19.02.2022 23:00:00";"181165";"47.7878157806795";"50";"0";"0";"19.02.2022 23:39:30";"47.7878157806795";"19.02.2022 23:00:00";"47.7878157806795";"19.02.2022 23:00:00";"47.7878157806795";"47.7878157806795";"1.99115899086165";"1";"01.01.0001 00:00:00";""
"2100";"20.02.2022 23:00:00";"181165";"47.7348625368732";"50";"0";"0";"20.02.2022 23:38:51";"47.7348625368732";"20.02.2022 23:00:00";"47.7348625368732";"20.02.2022 23:00:00";"47.7348625368732";"47.7348625368732";"1.98895260570305";"1";"01.01.0001 00:00:00";""
"2100";"21.02.2022 23:00:00";"181165";"47.4559559488692";"50";"0";"0";"21.02.2022 23:38:58";"47.4559559488692";"21.02.2022 23:00:00";"47.4559559488692";"21.02.2022 23:00:00";"47.4559559488692";"47.4559559488692";"1.97733149786955";"1";"01.01.0001 00:00:00";""
"2100";"22.02.2022 23:00:00";"181165";"47.8650514512037";"50";"0";"999";"22.02.2022 23:38:21";"47.8650514512037";"22.02.2022 23:00:00";"47.8650514512037";"22.02.2022 23:00:00";"47.8650514512037";"47.8650514512037";"1.99437714380015";"1";"01.01.0001 00:00:00";""
"2100";"23.02.2022 23:00:00";"181165";"47.9282442725416";"50";"0";"0";"23.02.2022 23:39:16";"47.9282442725416";"23.02.2022 23:00:00";"47.9282442725416";"23.02.2022 23:00:00";"47.9282442725416";"47.9282442725416";"1.99701017802257";"1";"01.01.0001 00:00:00";""
"2100";"24.02.2022 23:00:00";"181165";"47.9282442725416";"50";"0";"0";"24.02.2022 23:38:04";"47.9282442725416";"24.02.2022 23:00:00";"47.9282442725416";"24.02.2022 23:00:00";"47.9282442725416";"47.9282442725416";"1.99701017802257";"1";"01.01.0001 00:00:00";""
"2100";"25.02.2022 23:00:00";"181165";"47.3234753195674";"50";"0";"999";"25.02.2022 23:39:34";"47.3234753195674";"25.02.2022 23:00:00";"47.3234753195674";"25.02.2022 23:00:00";"47.3234753195674";"47.3234753195674";"1.97181147164864";"1";"01.01.0001 00:00:00";""
"2100";"26.02.2022 23:00:00";"181165";"47.8650514512037";"50";"0";"0";"26.02.2022 23:38:28";"47.8650514512037";"26.02.2022 23:00:00";"47.8650514512037";"26.02.2022 23:00:00";"47.8650514512037";"47.8650514512037";"1.99437714380015";"1";"01.01.0001 00:00:00";""
"2100";"27.02.2022 23:00:00";"181165";"46.9691666598065";"50";"0";"999";"27.02.2022 23:39:03";"46.9691666598065";"27.02.2022 23:00:00";"46.9691666598065";"27.02.2022 23:00:00";"46.9691666598065";"46.9691666598065";"1.95704861082527";"1";"01.01.0001 00:00:00";""
"2100";"28.02.2022 23:00:00";"181165";"47.3941980615255";"50";"0";"0";"28.02.2022 23:39:34";"47.3941980615255";"28.02.2022 23:00:00";"47.3941980615255";"28.02.2022 23:00:00";"47.3941980615255";"47.3941980615255";"1.97475825256356";"1";"01.01.0001 00:00:00";""
"2100";"01.03.2022 23:00:00";"181165";"47.1336196207332";"50";"0";"999";"01.03.2022 23:38:39";"47.1336196207332";"01.03.2022 23:00:00";"47.1336196207332";"01.03.2022 23:00:00";"47.1336196207332";"47.1336196207332";"1.96390081753055";"1";"01.01.0001 00:00:00";""
"2100";"02.03.2022 23:00:00";"181165";"47.3173803329414";"50";"0";"999";"02.03.2022 23:38:41";"47.3173803329414";"02.03.2022 23:00:00";"47.3173803329414";"02.03.2022 23:00:00";"47.3173803329414";"47.3173803329414";"1.97155751387256";"1";"01.01.0001 00:00:00";""
"2100";"03.03.2022 23:00:00";"181165";"47.2401446624172";"50";"0";"0";"03.03.2022 23:39:06";"47.2401446624172";"03.03.2022 23:00:00";"47.2401446624172";"03.03.2022 23:00:00";"47.2401446624172";"47.2401446624172";"1.96833936093405";"1";"01.01.0001 00:00:00";""
"2100";"04.03.2022 23:00:00";"181165";"46.9190607669617";"50";"0";"0";"04.03.2022 23:39:04";"46.9190607669617";"04.03.2022 23:00:00";"46.9190607669617";"04.03.2022 23:00:00";"46.9190607669617";"46.9190607669617";"1.95496086529007";"1";"01.01.0001 00:00:00";""
"2100";"05.03.2022 23:00:00";"181165";"47.3805731542794";"50";"0";"0";"05.03.2022 23:37:46";"47.3805731542794";"05.03.2022 23:00:00";"47.3805731542794";"05.03.2022 23:00:00";"47.3805731542794";"47.3805731542794";"1.97419054809497";"1";"01.01.0001 00:00:00";""
"2100";"06.03.2022 23:00:00";"181165";"43.5094277286136";"50";"0";"0";"06.03.2022 23:39:03";"43.5094277286136";"06.03.2022 23:00:00";"43.5094277286136";"06.03.2022 23:00:00";"43.5094277286136";"43.5094277286136";"1.81289282202557";"1";"01.01.0001 00:00:00";""
"2100";"07.03.2022 23:00:00";"181165";"47.658001070179";"50";"0";"999";"07.03.2022 23:37:58";"47.658001070179";"07.03.2022 23:00:00";"47.658001070179";"07.03.2022 23:00:00";"47.658001070179";"47.658001070179";"1.98575004459079";"1";"01.01.0001 00:00:00";""
"2100";"08.03.2022 23:00:00";"181165";"47.6489886663562";"50";"0";"999";"08.03.2022 23:38:55";"47.6489886663562";"08.03.2022 23:00:00";"47.6489886663562";"08.03.2022 23:00:00";"47.6489886663562";"47.6489886663562";"1.98537452776484";"1";"01.01.0001 00:00:00";""
"2100";"09.03.2022 23:00:00";"181165";"46.7893692035398";"50";"0";"0";"09.03.2022 23:39:13";"46.7893692035398";"09.03.2022 23:00:00";"46.7893692035398";"09.03.2022 23:00:00";"46.7893692035398";"46.7893692035398";"1.94955705014749";"1";"01.01.0001 00:00:00";""
"2100";"10.03.2022 23:00:00";"181165";"47.6784749006028";"50";"0";"0";"10.03.2022 23:39:06";"47.6784749006028";"10.03.2022 23:00:00";"47.6784749006028";"10.03.2022 23:00:00";"47.6784749006028";"47.6784749006028";"1.98660312085845";"1";"01.01.0001 00:00:00";""
"2100";"11.03.2022 23:00:00";"181165";"47.8799143207803";"50";"0";"0";"11.03.2022 23:39:18";"47.8799143207803";"11.03.2022 23:00:00";"47.8799143207803";"11.03.2022 23:00:00";"47.8799143207803";"47.8799143207803";"1.99499643003251";"1";"01.01.0001 00:00:00";""
"2100";"12.03.2022 23:00:00";"181165";"48.0924533557264";"50";"0";"999";"12.03.2022 23:37:40";"48.0924533557264";"12.03.2022 23:00:00";"48.0924533557264";"12.03.2022 23:00:00";"48.0924533557264";"48.0924533557264";"2.00385222315527";"1";"01.01.0001 00:00:00";""
"2100";"13.03.2022 23:00:00";"181165";"48.0264929655707";"50";"0";"0";"13.03.2022 23:38:53";"48.0264929655707";"13.03.2022 23:00:00";"48.0264929655707";"13.03.2022 23:00:00";"48.0264929655707";"48.0264929655707";"2.00110387356545";"1";"01.01.0001 00:00:00";""
"2100";"14.03.2022 23:00:00";"181165";"47.8894737976145";"50";"0";"0";"14.03.2022 23:39:04";"47.8894737976145";"14.03.2022 23:00:00";"47.8894737976145";"14.03.2022 23:00:00";"47.8894737976145";"47.8894737976145";"1.99539474156727";"1";"01.01.0001 00:00:00";""
"2100";"15.03.2022 23:00:00";"181165";"48.0431570902049";"50";"0";"999";"16.03.2022 00:52:28";"48.0431570902049";"15.03.2022 23:00:00";"48.0431570902049";"15.03.2022 23:00:00";"48.0431570902049";"48.0431570902049";"2.00179821209187";"1";"01.01.0001 00:00:00";""
"2100";"16.03.2022 23:00:00";"181165";"48.3040110254695";"50";"0";"999";"16.03.2022 23:37:46";"48.3040110254695";"16.03.2022 23:00:00";"48.3040110254695";"16.03.2022 23:00:00";"48.3040110254695";"48.3040110254695";"2.01266712606123";"1";"01.01.0001 00:00:00";""
"2100";"17.03.2022 23:00:00";"181165";"48.6714390026484";"50";"0";"999";"17.03.2022 23:39:39";"48.6714390026484";"17.03.2022 23:00:00";"48.6714390026484";"17.03.2022 23:00:00";"48.6714390026484";"48.6714390026484";"2.02797662511035";"1";"01.01.0001 00:00:00";""
"2100";"18.03.2022 23:00:00";"181165";"48.1004726946261";"50";"0";"0";"18.03.2022 23:38:18";"48.1004726946261";"18.03.2022 23:00:00";"48.1004726946261";"18.03.2022 23:00:00";"48.1004726946261";"48.1004726946261";"2.00418636227609";"1";"01.01.0001 00:00:00";""
"2100";"19.03.2022 23:00:00";"181165";"48.3856106453072";"50";"0";"0";"19.03.2022 23:39:09";"48.3856106453072";"19.03.2022 23:00:00";"48.3856106453072";"19.03.2022 23:00:00";"48.3856106453072";"48.3856106453072";"2.01606711022113";"1";"01.01.0001 00:00:00";""
"2100";"20.03.2022 23:00:00";"181165";"48.1657426781216";"50";"0";"0";"20.03.2022 23:38:58";"48.1657426781216";"20.03.2022 23:00:00";"48.1657426781216";"20.03.2022 23:00:00";"48.1657426781216";"48.1657426781216";"2.00690594492173";"1";"01.01.0001 00:00:00";""
"2100";"21.03.2022 23:00:00";"181165";"47.8894737976145";"50";"0";"0";"22.03.2022 00:28:23";"47.8894737976145";"21.03.2022 23:00:00";"47.8894737976145";"21.03.2022 23:00:00";"47.8894737976145";"47.8894737976145";"1.99539474156727";"1";"01.01.0001 00:00:00";""
"2100";"22.03.2022 23:00:00";"181165";"48.312321322912";"50";"0";"999";"23.03.2022 21:16:54";"48.312321322912";"22.03.2022 23:00:00";"48.312321322912";"22.03.2022 23:00:00";"48.312321322912";"48.312321322912";"2.01301338845466";"1";"01.01.0001 00:00:00";""
"2100";"23.03.2022 23:00:00";"181165";"48.4146973451327";"50";"0";"0";"23.03.2022 23:39:14";"48.4146973451327";"23.03.2022 23:00:00";"48.4146973451327";"23.03.2022 23:00:00";"48.4146973451327";"48.4146973451327";"2.0172790560472";"1";"01.01.0001 00:00:00";""
"2100";"24.03.2022 23:00:00";"181165";"48.7130277848012";"50";"0";"0";"24.03.2022 23:39:14";"48.7130277848012";"24.03.2022 23:00:00";"48.7130277848012";"24.03.2022 23:00:00";"48.7130277848012";"48.7130277848012";"2.02970949103339";"1";"01.01.0001 00:00:00";""
"2100";"25.03.2022 23:00:00";"181165";"48.7130277848012";"50";"0";"999";"25.03.2022 23:37:59";"48.7130277848012";"25.03.2022 23:00:00";"48.7130277848012";"25.03.2022 23:00:00";"48.7130277848012";"48.7130277848012";"2.02970949103339";"1";"01.01.0001 00:00:00";""
"2100";"26.03.2022 23:00:00";"181165";"49.0262914841143";"50";"0";"0";"26.03.2022 23:39:53";"49.0262914841143";"26.03.2022 23:00:00";"49.0262914841143";"26.03.2022 23:00:00";"49.0262914841143";"49.0262914841143";"2.04276214517143";"1";"01.01.0001 00:00:00";""
"2100";"27.03.2022 22:00:00";"181165";"49.0333134367135";"50";"0";"0";"27.03.2022 22:39:22";"49.0333134367135";"27.03.2022 22:00:00";"49.0333134367135";"27.03.2022 22:00:00";"49.0333134367135";"49.0333134367135";"2.04305472652973";"1";"01.01.0001 00:00:00";""
"2100";"28.03.2022 22:00:00";"181165";"49.0219344091619";"50";"0";"0";"28.03.2022 22:39:08";"49.0219344091619";"28.03.2022 22:00:00";"49.0219344091619";"28.03.2022 22:00:00";"49.0219344091619";"49.0219344091619";"2.04258060038175";"1";"01.01.0001 00:00:00";""
"2100";"29.03.2022 22:00:00";"181165";"48.5069266827568";"50";"0";"0";"29.03.2022 22:38:42";"48.5069266827568";"29.03.2022 22:00:00";"48.5069266827568";"29.03.2022 22:00:00";"48.5069266827568";"48.5069266827568";"2.02112194511487";"1";"01.01.0001 00:00:00";""
"2100";"30.03.2022 22:00:00";"181165";"47.4907152027473";"50";"0";"999";"30.03.2022 22:38:36";"47.4907152027473";"30.03.2022 22:00:00";"47.4907152027473";"30.03.2022 22:00:00";"47.4907152027473";"47.4907152027473";"1.97877980011447";"1";"01.01.0001 00:00:00";""
"2100";"31.03.2022 22:00:00";"181165";"47.3408549465064";"50";"0";"999";"31.03.2022 22:39:50";"47.3408549465064";"31.03.2022 22:00:00";"47.3408549465064";"31.03.2022 22:00:00";"47.3408549465064";"47.3408549465064";"1.9725356227711";"1";"01.01.0001 00:00:00";""
"2100";"01.04.2022 22:00:00";"181165";"47.9896817377313";"50";"0";"999";"01.04.2022 22:38:59";"47.9896817377313";"01.04.2022 22:00:00";"47.9896817377313";"01.04.2022 22:00:00";"47.9896817377313";"47.9896817377313";"1.99957007240547";"1";"01.01.0001 00:00:00";""
"2100";"02.04.2022 22:00:00";"181165";"47.9136163046393";"50";"0";"0";"02.04.2022 22:38:41";"47.9136163046393";"02.04.2022 22:00:00";"47.9136163046393";"02.04.2022 22:00:00";"47.9136163046393";"47.9136163046393";"1.99640067935997";"1";"01.01.0001 00:00:00";""
"2100";"03.04.2022 22:00:00";"181165";"48.0581406275141";"50";"0";"0";"03.04.2022 22:38:42";"48.0581406275141";"03.04.2022 22:00:00";"48.0581406275141";"03.04.2022 22:00:00";"48.0581406275141";"48.0581406275141";"2.00242252614642";"1";"01.01.0001 00:00:00";""
"2100";"04.04.2022 22:00:00";"181165";"48.1342060606061";"50";"0";"0";"04.04.2022 22:39:00";"48.1342060606061";"04.04.2022 22:00:00";"48.1342060606061";"04.04.2022 22:00:00";"48.1342060606061";"48.1342060606061";"2.00559191919192";"1";"01.01.0001 00:00:00";""
"2100";"05.04.2022 22:00:00";"181165";"48.5069266827568";"50";"0";"999";"05.04.2022 22:39:03";"48.5069266827568";"05.04.2022 22:00:00";"48.5069266827568";"05.04.2022 22:00:00";"48.5069266827568";"48.5069266827568";"2.02112194511487";"1";"01.01.0001 00:00:00";""
"2100";"06.04.2022 22:00:00";"181165";"48.8035818718155";"50";"0";"0";"06.04.2022 22:39:22";"48.8035818718155";"06.04.2022 22:00:00";"48.8035818718155";"06.04.2022 22:00:00";"48.8035818718155";"48.8035818718155";"2.03348257799231";"1";"01.01.0001 00:00:00";""
"2100";"07.04.2022 22:00:00";"181165";"48.2432534654867";"50";"0";"0";"07.04.2022 22:38:53";"48.2432534654867";"07.04.2022 22:00:00";"48.2432534654867";"07.04.2022 22:00:00";"48.2432534654867";"48.2432534654867";"2.01013556106195";"1";"01.01.0001 00:00:00";""
"2100";"08.04.2022 22:00:00";"181165";"48.3796289432587";"50";"0";"999";"08.04.2022 22:39:02";"48.3796289432587";"08.04.2022 22:00:00";"48.3796289432587";"08.04.2022 22:00:00";"48.3796289432587";"48.3796289432587";"2.01581787263578";"1";"01.01.0001 00:00:00";""
"2100";"09.04.2022 22:00:00";"181165";"47.8799143207803";"50";"0";"0";"09.04.2022 22:36:31";"47.8799143207803";"09.04.2022 22:00:00";"47.8799143207803";"09.04.2022 22:00:00";"47.8799143207803";"47.8799143207803";"1.99499643003251";"1";"01.01.0001 00:00:00";""
"2100";"10.04.2022 22:00:00";"181165";"48.2319725143155";"50";"0";"0";"11.04.2022 03:56:41";"48.2319725143155";"10.04.2022 22:00:00";"48.2319725143155";"10.04.2022 22:00:00";"48.2319725143155";"48.2319725143155";"2.00966552142981";"1";"01.01.0001 00:00:00";""
"2100";"11.04.2022 22:00:00";"181165";"47.9532036431755";"50";"0";"0";"11.04.2022 22:39:51";"47.9532036431755";"11.04.2022 22:00:00";"47.9532036431755";"11.04.2022 22:00:00";"47.9532036431755";"47.9532036431755";"1.99805015179898";"1";"01.01.0001 00:00:00";""
"2100";"12.04.2022 22:00:00";"181165";"48.3058007287871";"50";"0";"0";"12.04.2022 22:39:34";"48.3058007287871";"12.04.2022 22:00:00";"48.3058007287871";"12.04.2022 22:00:00";"48.3058007287871";"48.3058007287871";"2.0127416970328";"1";"01.01.0001 00:00:00";""
"2100";"13.04.2022 22:00:00";"181165";"48.2486084719764";"50";"0";"999";"13.04.2022 22:37:35";"48.2486084719764";"13.04.2022 22:00:00";"48.2486084719764";"13.04.2022 22:00:00";"48.2486084719764";"48.2486084719764";"2.01035868633235";"1";"01.01.0001 00:00:00";""
"2100";"14.04.2022 22:00:00";"181165";"48.8106887151993";"50";"0";"999";"14.04.2022 22:39:08";"48.8106887151993";"14.04.2022 22:00:00";"48.8106887151993";"14.04.2022 22:00:00";"48.8106887151993";"48.8106887151993";"2.03377869646664";"1";"01.01.0001 00:00:00";""
"2100";"15.04.2022 22:00:00";"181165";"48.2390320005168";"50";"0";"0";"15.04.2022 22:39:01";"48.2390320005168";"15.04.2022 22:00:00";"48.2390320005168";"15.04.2022 22:00:00";"48.2390320005168";"48.2390320005168";"2.0099596666882";"1";"01.01.0001 00:00:00";""
"2100";"16.04.2022 22:00:00";"181165";"46.8162385142715";"50";"0";"0";"16.04.2022 22:39:16";"46.8162385142715";"16.04.2022 22:00:00";"46.8162385142715";"16.04.2022 22:00:00";"46.8162385142715";"46.8162385142715";"1.95067660476131";"1";"01.01.0001 00:00:00";""
"2100";"17.04.2022 22:00:00";"181165";"45.4029360164868";"50";"0";"0";"17.04.2022 22:40:25";"45.4029360164868";"17.04.2022 22:00:00";"45.4029360164868";"17.04.2022 22:00:00";"45.4029360164868";"45.4029360164868";"1.89178900068695";"1";"01.01.0001 00:00:00";""
"2100";"18.04.2022 22:00:00";"181165";"46.879876355478";"50";"0";"0";"18.04.2022 22:39:04";"46.879876355478";"18.04.2022 22:00:00";"46.879876355478";"18.04.2022 22:00:00";"46.879876355478";"46.879876355478";"1.95332818147825";"1";"01.01.0001 00:00:00";""
"2100";"19.04.2022 22:00:00";"181165";"45.7853054867257";"50";"0";"0";"19.04.2022 22:38:54";"45.7853054867257";"19.04.2022 22:00:00";"45.7853054867257";"19.04.2022 22:00:00";"45.7853054867257";"45.7853054867257";"1.9077210619469";"1";"01.01.0001 00:00:00";""
"2100";"20.04.2022 22:00:00";"181165";"47.2194787673382";"50";"0";"0";"20.04.2022 22:39:03";"47.2194787673382";"20.04.2022 22:00:00";"47.2194787673382";"20.04.2022 22:00:00";"47.2194787673382";"47.2194787673382";"1.96747828197243";"1";"01.01.0001 00:00:00";""
"2100";"21.04.2022 22:00:00";"181165";"47.2835679407519";"50";"0";"0";"22.04.2022 00:24:44";"47.2835679407519";"21.04.2022 22:00:00";"47.2835679407519";"21.04.2022 22:00:00";"47.2835679407519";"47.2835679407519";"1.970148664198";"1";"01.01.0001 00:00:00";""
"2100";"22.04.2022 22:00:00";"181165";"48.3915056560215";"50";"0";"0";"22.04.2022 22:39:04";"48.3915056560215";"22.04.2022 22:00:00";"48.3915056560215";"22.04.2022 22:00:00";"48.3915056560215";"48.3915056560215";"2.01631273566756";"1";"01.01.0001 00:00:00";""
"2100";"23.04.2022 22:00:00";"181165";"48.3782817130676";"50";"0";"0";"23.04.2022 22:39:10";"48.3782817130676";"23.04.2022 22:00:00";"48.3782817130676";"23.04.2022 22:00:00";"48.3782817130676";"48.3782817130676";"2.01576173804448";"1";"01.01.0001 00:00:00";""
"2100";"24.04.2022 22:00:00";"181165";"48.3856106453072";"50";"0";"0";"24.04.2022 22:39:21";"48.3856106453072";"24.04.2022 22:00:00";"48.3856106453072";"24.04.2022 22:00:00";"48.3856106453072";"48.3856106453072";"2.01606711022113";"1";"01.01.0001 00:00:00";""
"2100";"25.04.2022 22:00:00";"181165";"48.5016427480916";"50";"0";"0";"25.04.2022 22:39:13";"48.5016427480916";"25.04.2022 22:00:00";"48.5016427480916";"25.04.2022 22:00:00";"48.5016427480916";"48.5016427480916";"2.02090178117048";"1";"01.01.0001 00:00:00";""
"2100";"26.04.2022 22:00:00";"181165";"47.7992255956433";"50";"0";"0";"26.04.2022 22:39:23";"47.7992255956433";"26.04.2022 22:00:00";"47.7992255956433";"26.04.2022 22:00:00";"47.7992255956433";"47.7992255956433";"1.99163439981847";"1";"01.01.0001 00:00:00";""
"2100";"27.04.2022 22:00:00";"181165";"47.658001070179";"50";"0";"0";"27.04.2022 22:39:14";"47.658001070179";"27.04.2022 22:00:00";"47.658001070179";"27.04.2022 22:00:00";"47.658001070179";"47.658001070179";"1.98575004459079";"1";"01.01.0001 00:00:00";""
"2100";"28.04.2022 22:00:00";"181165";"0";"50";"1";"0";"28.04.2022 22:39:09";"0";"28.04.2022 22:00:00";"0";"28.04.2022 22:00:00";"0";"0";"0";"1";"01.01.0001 00:00:00";""
"2100";"29.04.2022 22:00:00";"181165";"0";"50";"1";"0";"29.04.2022 22:38:58";"0";"29.04.2022 22:00:00";"0";"29.04.2022 22:00:00";"0";"0";"0";"1";"01.01.0001 00:00:00";""
"2100";"30.04.2022 22:00:00";"181165";"0";"50";"1";"0";"30.04.2022 22:38:56";"0";"30.04.2022 22:00:00";"0";"30.04.2022 22:00:00";"0";"0";"0";"1";"01.01.0001 00:00:00";""
"2100";"01.05.2022 22:00:00";"181165";"0";"50";"3";"0";"01.05.2022 22:37:47";"0";"01.05.2022 22:00:00";"0";"01.05.2022 22:00:00";"0";"0";"0";"1";"01.01.0001 00:00:00";""
"2100";"02.05.2022 22:00:00";"181165";"0";"50";"3";"0";"02.05.2022 22:38:54";"0";"02.05.2022 22:00:00";"0";"02.05.2022 22:00:00";"0";"0";"0";"1";"01.01.0001 00:00:00";""
"2100";"03.05.2022 22:00:00";"181165";"46.2984936086529";"50";"0";"0";"03.05.2022 22:39:22";"46.2984936086529";"03.05.2022 22:00:00";"46.2984936086529";"03.05.2022 22:00:00";"46.2984936086529";"46.2984936086529";"1.92910390036054";"1";"01.01.0001 00:00:00";""
"2100";"04.05.2022 22:00:00";"181165";"0";"50";"1";"0";"04.05.2022 22:38:42";"0";"04.05.2022 22:00:00";"0";"04.05.2022 22:00:00";"0";"0";"0";"1";"01.01.0001 00:00:00";""
"2100";"05.05.2022 22:00:00";"181165";"0";"50";"1";"0";"05.05.2022 22:39:08";"0";"05.05.2022 22:00:00";"0";"05.05.2022 22:00:00";"0";"0";"0";"1";"01.01.0001 00:00:00";""
"2100";"06.05.2022 22:00:00";"181165";"46.0474776794494";"50";"0";"999";"06.05.2022 22:39:19";"46.0474776794494";"06.05.2022 22:00:00";"46.0474776794494";"06.05.2022 22:00:00";"46.0474776794494";"46.0474776794494";"1.91864490331039";"1";"01.01.0001 00:00:00";""
"2100";"07.05.2022 22:00:00";"181165";"47.2802447984268";"50";"0";"0";"07.05.2022 22:36:41";"47.2802447984268";"07.05.2022 22:00:00";"47.2802447984268";"07.05.2022 22:00:00";"47.2802447984268";"47.2802447984268";"1.97001019993445";"1";"01.01.0001 00:00:00";""
"2100";"08.05.2022 22:00:00";"181165";"47.064557037037";"50";"0";"0";"08.05.2022 22:39:05";"47.064557037037";"08.05.2022 22:00:00";"47.064557037037";"08.05.2022 22:00:00";"47.064557037037";"47.064557037037";"1.96102320987654";"1";"01.01.0001 00:00:00";""
"2100";"09.05.2022 22:00:00";"181165";"47.4157850746269";"50";"0";"0";"09.05.2022 22:39:16";"47.4157850746269";"09.05.2022 22:00:00";"47.4157850746269";"09.05.2022 22:00:00";"47.4157850746269";"47.4157850746269";"1.97565771144279";"1";"01.01.0001 00:00:00";""
"2100";"10.05.2022 22:00:00";"181165";"47.3410271996745";"50";"0";"0";"10.05.2022 22:38:31";"47.3410271996745";"10.05.2022 22:00:00";"47.3410271996745";"10.05.2022 22:00:00";"47.3410271996745";"47.3410271996745";"1.97254279998644";"1";"01.01.0001 00:00:00";""
"2100";"11.05.2022 22:00:00";"181165";"0";"50";"1";"0";"11.05.2022 22:38:57";"0";"11.05.2022 22:00:00";"0";"11.05.2022 22:00:00";"0";"0";"0";"1";"01.01.0001 00:00:00";""
"2100";"12.05.2022 22:00:00";"181165";"0";"50";"3";"0";"12.05.2022 22:39:40";"0";"12.05.2022 22:00:00";"0";"12.05.2022 22:00:00";"0";"0";"0";"1";"01.01.0001 00:00:00";""
"2100";"13.05.2022 22:00:00";"181165";"0";"50";"3";"0";"13.05.2022 22:38:39";"0";"13.05.2022 22:00:00";"0";"13.05.2022 22:00:00";"0";"0";"0";"1";"01.01.0001 00:00:00";""
"2100";"14.05.2022 22:00:00";"181165";"0";"50";"3";"0";"14.05.2022 22:39:06";"0";"14.05.2022 22:00:00";"0";"14.05.2022 22:00:00";"0";"0";"0";"1";"01.01.0001 00:00:00";""
"2100";"15.05.2022 22:00:00";"181165";"0";"50";"1";"0";"15.05.2022 22:39:10";"0";"15.05.2022 22:00:00";"0";"15.05.2022 22:00:00";"0";"0";"0";"1";"01.01.0001 00:00:00";""
"2100";"16.05.2022 22:00:00";"181165";"0";"50";"1";"0";"16.05.2022 22:37:32";"0";"16.05.2022 22:00:00";"0";"16.05.2022 22:00:00";"0";"0";"0";"1";"01.01.0001 00:00:00";""
"2100";"17.05.2022 22:00:00";"181165";"0";"50";"3";"0";"17.05.2022 22:39:09";"0";"17.05.2022 22:00:00";"0";"17.05.2022 22:00:00";"0";"0";"0";"1";"01.01.0001 00:00:00";""
"2100";"18.05.2022 22:00:00";"181165";"44.178803539823";"50";"0";"0";"18.05.2022 22:37:31";"44.178803539823";"18.05.2022 22:00:00";"44.178803539823";"18.05.2022 22:00:00";"44.178803539823";"44.178803539823";"1.84078348082596";"1";"01.01.0001 00:00:00";""
"2100";"19.05.2022 22:00:00";"181165";"0";"50";"1";"0";"19.05.2022 22:37:37";"0";"19.05.2022 22:00:00";"0";"19.05.2022 22:00:00";"0";"0";"0";"1";"01.01.0001 00:00:00";""
"2100";"20.05.2022 22:00:00";"181165";"0";"50";"1";"0";"20.05.2022 22:39:00";"0";"20.05.2022 22:00:00";"0";"20.05.2022 22:00:00";"0";"0";"0";"1";"01.01.0001 00:00:00";""
"2100";"21.05.2022 22:00:00";"181165";"0";"50";"1";"0";"21.05.2022 22:38:51";"0";"21.05.2022 22:00:00";"0";"21.05.2022 22:00:00";"0";"0";"0";"1";"01.01.0001 00:00:00";""
"2100";"22.05.2022 22:00:00";"181165";"0";"50";"1";"0";"22.05.2022 22:37:55";"0";"22.05.2022 22:00:00";"0";"22.05.2022 22:00:00";"0";"0";"0";"1";"01.01.0001 00:00:00";""
"2100";"23.05.2022 22:00:00";"181165";"0";"50";"1";"0";"23.05.2022 22:38:44";"0";"23.05.2022 22:00:00";"0";"23.05.2022 22:00:00";"0";"0";"0";"1";"01.01.0001 00:00:00";""
"2100";"24.05.2022 22:00:00";"181165";"0";"50";"1";"0";"24.05.2022 22:38:43";"0";"24.05.2022 22:00:00";"0";"24.05.2022 22:00:00";"0";"0";"0";"1";"01.01.0001 00:00:00";""
"2100";"25.05.2022 22:00:00";"181165";"0";"50";"1";"0";"25.05.2022 22:39:04";"0";"25.05.2022 22:00:00";"0";"25.05.2022 22:00:00";"0";"0";"0";"1";"01.01.0001 00:00:00";""
"2100";"26.05.2022 22:00:00";"181165";"0";"50";"1";"0";"26.05.2022 22:39:15";"0";"26.05.2022 22:00:00";"0";"26.05.2022 22:00:00";"0";"0";"0";"1";"01.01.0001 00:00:00";""
"2100";"27.05.2022 22:00:00";"181165";"0";"50";"1";"0";"27.05.2022 22:38:08";"0";"27.05.2022 22:00:00";"0";"27.05.2022 22:00:00";"0";"0";"0";"1";"01.01.0001 00:00:00";""
"2100";"28.05.2022 22:00:00";"181165";"45.9552239618788";"50";"0";"999";"28.05.2022 22:38:17";"45.9552239618788";"28.05.2022 22:00:00";"45.9552239618788";"28.05.2022 22:00:00";"45.9552239618788";"45.9552239618788";"1.91480099841162";"1";"01.01.0001 00:00:00";""
"2100";"29.05.2022 22:00:00";"181165";"0";"50";"1";"0";"09.03.2023 09:45:10";"0";"29.05.2022 22:00:00";"0";"29.05.2022 22:00:00";"0";"0";"0";"1";"01.01.0001 00:00:00";""
"2100";"30.05.2022 22:00:00";"181165";"0";"50";"1";"0";"09.03.2023 09:45:10";"0";"30.05.2022 22:00:00";"0";"30.05.2022 22:00:00";"0";"0";"0";"1";"01.01.0001 00:00:00";""
"2100";"31.05.2022 22:00:00";"181165";"0";"50";"1";"0";"09.03.2023 09:45:10";"0";"31.05.2022 22:00:00";"0";"31.05.2022 22:00:00";"0";"0";"0";"1";"01.01.0001 00:00:00";""
"2100";"01.06.2022 22:00:00";"181165";"0";"50";"0";"999";"09.03.2023 09:45:10";"0";"01.06.2022 22:00:00";"0";"01.06.2022 22:00:00";"0";"0";"0";"1";"01.01.0001 00:00:00";""
"2100";"02.06.2022 22:00:00";"181165";"0";"50";"3";"0";"09.03.2023 09:45:10";"0";"02.06.2022 22:00:00";"0";"02.06.2022 22:00:00";"0";"0";"0";"1";"01.01.0001 00:00:00";""
"2100";"03.06.2022 22:00:00";"181165";"0";"50";"1";"0";"09.03.2023 09:45:10";"0";"03.06.2022 22:00:00";"0";"03.06.2022 22:00:00";"0";"0";"0";"1";"01.01.0001 00:00:00";""
"2100";"04.06.2022 22:00:00";"181165";"0";"50";"1";"0";"09.03.2023 09:45:10";"0";"04.06.2022 22:00:00";"0";"04.06.2022 22:00:00";"0";"0";"0";"1";"01.01.0001 00:00:00";""
"2100";"05.06.2022 22:00:00";"181165";"0";"50";"1";"0";"09.03.2023 09:45:10";"0";"05.06.2022 22:00:00";"0";"05.06.2022 22:00:00";"0";"0";"0";"1";"01.01.0001 00:00:00";""
"2100";"06.06.2022 22:00:00";"181165";"0";"50";"1";"0";"09.03.2023 09:45:10";"0";"06.06.2022 22:00:00";"0";"06.06.2022 22:00:00";"0";"0";"0";"1";"01.01.0001 00:00:00";""
"2100";"07.06.2022 22:00:00";"181165";"0";"50";"1";"0";"09.03.2023 09:45:10";"0";"07.06.2022 22:00:00";"0";"07.06.2022 22:00:00";"0";"0";"0";"1";"01.01.0001 00:00:00";""
"2100";"08.06.2022 22:00:00";"181165";"0";"50";"1";"0";"09.03.2023 09:45:10";"0";"08.06.2022 22:00:00";"0";"08.06.2022 22:00:00";"0";"0";"0";"1";"01.01.0001 00:00:00";""
"2100";"09.06.2022 22:00:00";"181165";"0";"50";"3";"0";"09.03.2023 09:45:10";"0";"09.06.2022 22:00:00";"0";"09.06.2022 22:00:00";"0";"0";"0";"1";"01.01.0001 00:00:00";""
"2100";"10.06.2022 22:00:00";"181165";"46.8048163376447";"50";"0";"0";"09.03.2023 09:45:10";"46.8048163376447";"10.06.2022 22:00:00";"46.8048163376447";"10.06.2022 22:00:00";"46.8048163376447";"46.8048163376447";"1.95020068073519";"1";"01.01.0001 00:00:00";""
"2100";"11.06.2022 22:00:00";"181165";"0";"50";"3";"0";"09.03.2023 09:45:10";"0";"11.06.2022 22:00:00";"0";"11.06.2022 22:00:00";"0";"0";"0";"1";"01.01.0001 00:00:00";""
"2100";"12.06.2022 22:00:00";"181165";"0";"50";"1";"0";"09.03.2023 09:45:10";"0";"12.06.2022 22:00:00";"0";"12.06.2022 22:00:00";"0";"0";"0";"1";"01.01.0001 00:00:00";""
"2100";"13.06.2022 22:00:00";"181165";"0";"50";"1";"0";"09.03.2023 09:45:10";"0";"13.06.2022 22:00:00";"0";"13.06.2022 22:00:00";"0";"0";"0";"1";"01.01.0001 00:00:00";""
"2100";"14.06.2022 22:00:00";"181165";"0";"50";"3";"0";"09.03.2023 09:45:10";"0";"14.06.2022 22:00:00";"0";"14.06.2022 22:00:00";"0";"0";"0";"1";"01.01.0001 00:00:00";""
"2100";"15.06.2022 22:00:00";"181165";"0";"50";"3";"0";"09.03.2023 09:45:10";"0";"15.06.2022 22:00:00";"0";"15.06.2022 22:00:00";"0";"0";"0";"1";"01.01.0001 00:00:00";""
"2100";"16.06.2022 22:00:00";"181165";"47.9836765719609";"50";"0";"0";"09.03.2023 09:45:10";"47.9836765719609";"16.06.2022 22:00:00";"47.9836765719609";"16.06.2022 22:00:00";"47.9836765719609";"47.9836765719609";"1.99931985716504";"1";"01.01.0001 00:00:00";""
"2100";"17.06.2022 22:00:00";"181165";"0";"50";"1";"0";"09.03.2023 09:45:10";"0";"17.06.2022 22:00:00";"0";"17.06.2022 22:00:00";"0";"0";"0";"1";"01.01.0001 00:00:00";""
"2100";"18.06.2022 22:00:00";"181165";"0";"50";"1";"0";"09.03.2023 09:45:10";"0";"18.06.2022 22:00:00";"0";"18.06.2022 22:00:00";"0";"0";"0";"1";"01.01.0001 00:00:00";""
"2100";"19.06.2022 22:00:00";"181165";"0";"50";"1";"0";"09.03.2023 09:45:10";"0";"19.06.2022 22:00:00";"0";"19.06.2022 22:00:00";"0";"0";"0";"1";"01.01.0001 00:00:00";""
"2100";"20.06.2022 22:00:00";"181165";"0";"50";"1";"0";"09.03.2023 09:45:10";"0";"20.06.2022 22:00:00";"0";"20.06.2022 22:00:00";"0";"0";"0";"1";"01.01.0001 00:00:00";""
"2100";"21.06.2022 22:00:00";"181165";"0";"50";"1";"0";"21.06.2022 22:38:08";"0";"21.06.2022 22:00:00";"0";"21.06.2022 22:00:00";"0";"0";"0";"1";"01.01.0001 00:00:00";""
"2100";"22.06.2022 22:00:00";"181165";"10.0406371681416";"50";"0";"0";"22.06.2022 22:38:26";"10.0406371681416";"22.06.2022 22:00:00";"10.0406371681416";"22.06.2022 22:00:00";"10.0406371681416";"10.0406371681416";"0.4183598820059";"1";"01.01.0001 00:00:00";""
"2100";"23.06.2022 22:00:00";"181165";"0";"50";"1";"0";"23.06.2022 22:39:08";"0";"23.06.2022 22:00:00";"0";"23.06.2022 22:00:00";"0";"0";"0";"1";"01.01.0001 00:00:00";""
"2100";"24.06.2022 22:00:00";"181165";"0";"50";"1";"0";"24.06.2022 22:39:34";"0";"24.06.2022 22:00:00";"0";"24.06.2022 22:00:00";"0";"0";"0";"1";"01.01.0001 00:00:00";""
"2100";"25.06.2022 22:00:00";"181165";"0";"50";"1";"0";"25.06.2022 22:38:42";"0";"25.06.2022 22:00:00";"0";"25.06.2022 22:00:00";"0";"0";"0";"1";"01.01.0001 00:00:00";""
"2100";"26.06.2022 22:00:00";"181165";"0";"50";"1";"0";"26.06.2022 22:39:02";"0";"26.06.2022 22:00:00";"0";"26.06.2022 22:00:00";"0";"0";"0";"1";"01.01.0001 00:00:00";""
"2100";"27.06.2022 22:00:00";"181165";"48.1950584070796";"50";"0";"999";"27.06.2022 22:39:23";"48.1950584070796";"27.06.2022 22:00:00";"48.1950584070796";"27.06.2022 22:00:00";"48.1950584070796";"48.1950584070796";"2.00812743362832";"1";"01.01.0001 00:00:00";""
"2100";"28.06.2022 22:00:00";"181165";"0";"50";"1";"0";"28.06.2022 22:38:19";"0";"28.06.2022 22:00:00";"0";"28.06.2022 22:00:00";"0";"0";"0";"1";"01.01.0001 00:00:00";""
"2100";"29.06.2022 22:00:00";"181165";"0";"50";"1";"0";"29.06.2022 22:37:29";"0";"29.06.2022 22:00:00";"0";"29.06.2022 22:00:00";"0";"0";"0";"1";"01.01.0001 00:00:00";""
"2100";"30.06.2022 22:00:00";"181165";"0";"50";"1";"0";"30.06.2022 22:39:34";"0";"30.06.2022 22:00:00";"0";"30.06.2022 22:00:00";"0";"0";"0";"1";"01.01.0001 00:00:00";""
"2100";"01.07.2022 22:00:00";"181165";"48.6970902654867";"50";"0";"999";"01.07.2022 22:39:22";"48.6970902654867";"01.07.2022 22:00:00";"48.6970902654867";"01.07.2022 22:00:00";"48.6970902654867";"48.6970902654867";"2.02904542772861";"1";"01.01.0001 00:00:00";""
"2100";"02.07.2022 22:00:00";"181165";"0";"50";"3";"0";"02.07.2022 22:39:29";"0";"02.07.2022 22:00:00";"0";"02.07.2022 22:00:00";"0";"0";"0";"1";"01.01.0001 00:00:00";""
"2100";"03.07.2022 22:00:00";"181165";"0";"50";"3";"0";"03.07.2022 22:39:31";"0";"03.07.2022 22:00:00";"0";"03.07.2022 22:00:00";"0";"0";"0";"1";"01.01.0001 00:00:00";""
"2100";"04.07.2022 22:00:00";"181165";"0";"50";"1";"0";"04.07.2022 22:39:10";"0";"04.07.2022 22:00:00";"0";"04.07.2022 22:00:00";"0";"0";"0";"1";"01.01.0001 00:00:00";""
"2100";"05.07.2022 22:00:00";"181165";"0";"50";"1";"0";"05.07.2022 22:38:52";"0";"05.07.2022 22:00:00";"0";"05.07.2022 22:00:00";"0";"0";"0";"1";"01.01.0001 00:00:00";""
"2100";"06.07.2022 22:00:00";"181165";"0";"50";"1";"0";"06.07.2022 22:38:44";"0";"06.07.2022 22:00:00";"0";"06.07.2022 22:00:00";"0";"0";"0";"1";"01.01.0001 00:00:00";""
"2100";"07.07.2022 22:00:00";"181165";"0";"50";"1";"0";"07.07.2022 22:39:25";"0";"07.07.2022 22:00:00";"0";"07.07.2022 22:00:00";"0";"0";"0";"1";"01.01.0001 00:00:00";""
"2100";"08.07.2022 22:00:00";"181165";"0";"50";"1";"0";"08.07.2022 22:38:38";"0";"08.07.2022 22:00:00";"0";"08.07.2022 22:00:00";"0";"0";"0";"1";"01.01.0001 00:00:00";""
"2100";"09.07.2022 22:00:00";"181165";"0";"50";"1";"0";"09.07.2022 22:39:02";"0";"09.07.2022 22:00:00";"0";"09.07.2022 22:00:00";"0";"0";"0";"1";"01.01.0001 00:00:00";""
"2100";"10.07.2022 22:00:00";"181165";"0";"50";"1";"0";"10.07.2022 22:39:01";"0";"10.07.2022 22:00:00";"0";"10.07.2022 22:00:00";"0";"0";"0";"1";"01.01.0001 00:00:00";""
"2100";"11.07.2022 22:00:00";"181165";"0";"50";"1";"0";"11.07.2022 22:39:07";"0";"11.07.2022 22:00:00";"0";"11.07.2022 22:00:00";"0";"0";"0";"1";"01.01.0001 00:00:00";""
"2100";"12.07.2022 22:00:00";"181165";"0";"50";"1";"0";"12.07.2022 22:39:14";"0";"12.07.2022 22:00:00";"0";"12.07.2022 22:00:00";"0";"0";"0";"1";"01.01.0001 00:00:00";""
"2100";"13.07.2022 22:00:00";"181165";"0";"50";"3";"0";"13.07.2022 22:38:56";"0";"13.07.2022 22:00:00";"0";"13.07.2022 22:00:00";"0";"0";"0";"1";"01.01.0001 00:00:00";""
"2100";"14.07.2022 22:00:00";"181165";"0";"50";"1";"0";"14.07.2022 22:39:04";"0";"14.07.2022 22:00:00";"0";"14.07.2022 22:00:00";"0";"0";"0";"1";"01.01.0001 00:00:00";""
"2100";"15.07.2022 22:00:00";"181165";"0";"50";"1";"0";"15.07.2022 22:38:55";"0";"15.07.2022 22:00:00";"0";"15.07.2022 22:00:00";"0";"0";"0";"1";"01.01.0001 00:00:00";""
"2100";"16.07.2022 22:00:00";"181165";"0";"50";"1";"0";"16.07.2022 22:39:16";"0";"16.07.2022 22:00:00";"0";"16.07.2022 22:00:00";"0";"0";"0";"1";"01.01.0001 00:00:00";""
"2100";"17.07.2022 22:00:00";"181165";"0";"50";"1";"0";"17.07.2022 22:38:53";"0";"17.07.2022 22:00:00";"0";"17.07.2022 22:00:00";"0";"0";"0";"1";"01.01.0001 00:00:00";""
"2100";"18.07.2022 22:00:00";"181165";"0";"50";"1";"0";"18.07.2022 22:38:22";"0";"18.07.2022 22:00:00";"0";"18.07.2022 22:00:00";"0";"0";"0";"1";"01.01.0001 00:00:00";""
"2100";"19.07.2022 22:00:00";"181165";"0";"50";"3";"0";"19.07.2022 22:38:45";"0";"19.07.2022 22:00:00";"0";"19.07.2022 22:00:00";"0";"0";"0";"1";"01.01.0001 00:00:00";""
"2100";"20.07.2022 22:00:00";"181165";"0";"50";"1";"0";"20.07.2022 22:38:55";"0";"20.07.2022 22:00:00";"0";"20.07.2022 22:00:00";"0";"0";"0";"1";"01.01.0001 00:00:00";""
"2100";"21.07.2022 22:00:00";"181165";"0";"50";"3";"0";"21.07.2022 22:39:08";"0";"21.07.2022 22:00:00";"0";"21.07.2022 22:00:00";"0";"0";"0";"1";"01.01.0001 00:00:00";""
"2100";"22.07.2022 22:00:00";"181165";"0";"50";"1";"0";"22.07.2022 22:38:56";"0";"22.07.2022 22:00:00";"0";"22.07.2022 22:00:00";"0";"0";"0";"1";"01.01.0001 00:00:00";""
"2100";"23.07.2022 22:00:00";"181165";"0";"50";"1";"0";"23.07.2022 22:39:17";"0";"23.07.2022 22:00:00";"0";"23.07.2022 22:00:00";"0";"0";"0";"1";"01.01.0001 00:00:00";""
"2100";"24.07.2022 22:00:00";"181165";"0";"50";"1";"0";"24.07.2022 22:38:19";"0";"24.07.2022 22:00:00";"0";"24.07.2022 22:00:00";"0";"0";"0";"1";"01.01.0001 00:00:00";""
"2100";"25.07.2022 22:00:00";"181165";"0";"50";"1";"0";"25.07.2022 22:38:18";"0";"25.07.2022 22:00:00";"0";"25.07.2022 22:00:00";"0";"0";"0";"1";"01.01.0001 00:00:00";""
"2100";"26.07.2022 22:00:00";"181165";"0";"50";"1";"0";"26.07.2022 22:39:33";"0";"26.07.2022 22:00:00";"0";"26.07.2022 22:00:00";"0";"0";"0";"1";"01.01.0001 00:00:00";""
"2100";"27.07.2022 22:00:00";"181165";"0";"50";"1";"0";"27.07.2022 22:39:11";"0";"27.07.2022 22:00:00";"0";"27.07.2022 22:00:00";"0";"0";"0";"1";"01.01.0001 00:00:00";""
"2100";"28.07.2022 22:00:00";"181165";"0";"50";"1";"0";"28.07.2022 22:38:57";"0";"28.07.2022 22:00:00";"0";"28.07.2022 22:00:00";"0";"0";"0";"1";"01.01.0001 00:00:00";""
"2100";"29.07.2022 22:00:00";"181165";"0";"50";"1";"0";"29.07.2022 22:39:27";"0";"29.07.2022 22:00:00";"0";"29.07.2022 22:00:00";"0";"0";"0";"1";"01.01.0001 00:00:00";""
"2100";"30.07.2022 22:00:00";"181165";"0";"50";"1";"0";"30.07.2022 22:39:01";"0";"30.07.2022 22:00:00";"0";"30.07.2022 22:00:00";"0";"0";"0";"1";"01.01.0001 00:00:00";""
"2100";"31.07.2022 22:00:00";"181165";"0";"50";"1";"0";"31.07.2022 22:38:38";"0";"31.07.2022 22:00:00";"0";"31.07.2022 22:00:00";"0";"0";"0";"1";"01.01.0001 00:00:00";""
"2100";"01.08.2022 22:00:00";"181165";"0";"50";"3";"0";"01.08.2022 22:39:32";"0";"01.08.2022 22:00:00";"0";"01.08.2022 22:00:00";"0";"0";"0";"1";"01.01.0001 00:00:00";""
"2100";"02.08.2022 22:00:00";"181165";"0";"50";"1";"0";"02.08.2022 22:39:08";"0";"02.08.2022 22:00:00";"0";"02.08.2022 22:00:00";"0";"0";"0";"1";"01.01.0001 00:00:00";""
"2100";"03.08.2022 22:00:00";"181165";"0";"50";"1";"0";"03.08.2022 22:39:33";"0";"03.08.2022 22:00:00";"0";"03.08.2022 22:00:00";"0";"0";"0";"1";"01.01.0001 00:00:00";""
"2100";"04.08.2022 22:00:00";"181165";"0";"50";"1";"0";"04.08.2022 22:39:24";"0";"04.08.2022 22:00:00";"0";"04.08.2022 22:00:00";"0";"0";"0";"1";"01.01.0001 00:00:00";""
"2100";"05.08.2022 22:00:00";"181165";"0";"50";"1";"0";"05.08.2022 22:38:32";"0";"05.08.2022 22:00:00";"0";"05.08.2022 22:00:00";"0";"0";"0";"1";"01.01.0001 00:00:00";""
"2100";"06.08.2022 22:00:00";"181165";"0";"50";"3";"0";"06.08.2022 22:38:30";"0";"06.08.2022 22:00:00";"0";"06.08.2022 22:00:00";"0";"0";"0";"1";"01.01.0001 00:00:00";""
"2100";"07.08.2022 22:00:00";"181165";"0";"50";"1";"0";"07.08.2022 22:38:52";"0";"07.08.2022 22:00:00";"0";"07.08.2022 22:00:00";"0";"0";"0";"1";"01.01.0001 00:00:00";""
"2100";"08.08.2022 22:00:00";"181165";"0";"50";"0";"0";"08.08.2022 22:39:04";"0";"08.08.2022 22:00:00";"0";"08.08.2022 22:00:00";"0";"0";"0";"1";"01.01.0001 00:00:00";""
"2100";"09.08.2022 22:00:00";"181165";"0";"50";"1";"0";"09.08.2022 22:38:59";"0";"09.08.2022 22:00:00";"0";"09.08.2022 22:00:00";"0";"0";"0";"1";"01.01.0001 00:00:00";""
"2100";"10.08.2022 22:00:00";"181165";"0";"50";"1";"0";"10.08.2022 22:39:11";"0";"10.08.2022 22:00:00";"0";"10.08.2022 22:00:00";"0";"0";"0";"1";"01.01.0001 00:00:00";""
"2100";"11.08.2022 22:00:00";"181165";"0";"50";"1";"0";"11.08.2022 22:38:50";"0";"11.08.2022 22:00:00";"0";"11.08.2022 22:00:00";"0";"0";"0";"1";"01.01.0001 00:00:00";""
"2100";"12.08.2022 22:00:00";"181165";"0";"50";"1";"0";"12.08.2022 22:38:15";"0";"12.08.2022 22:00:00";"0";"12.08.2022 22:00:00";"0";"0";"0";"1";"01.01.0001 00:00:00";""
"2100";"13.08.2022 22:00:00";"181165";"0";"50";"1";"0";"13.08.2022 22:38:21";"0";"13.08.2022 22:00:00";"0";"13.08.2022 22:00:00";"0";"0";"0";"1";"01.01.0001 00:00:00";""
"2100";"14.08.2022 22:00:00";"181165";"0";"50";"1";"0";"14.08.2022 22:38:37";"0";"14.08.2022 22:00:00";"0";"14.08.2022 22:00:00";"0";"0";"0";"1";"01.01.0001 00:00:00";""
"2100";"15.08.2022 22:00:00";"181165";"0";"50";"1";"0";"15.08.2022 22:39:06";"0";"15.08.2022 22:00:00";"0";"15.08.2022 22:00:00";"0";"0";"0";"1";"01.01.0001 00:00:00";""
"2100";"16.08.2022 22:00:00";"181165";"0";"50";"3";"0";"16.08.2022 22:39:21";"0";"16.08.2022 22:00:00";"0";"16.08.2022 22:00:00";"0";"0";"0";"1";"01.01.0001 00:00:00";""
"2100";"17.08.2022 22:00:00";"181165";"0";"50";"1";"0";"17.08.2022 22:39:09";"0";"17.08.2022 22:00:00";"0";"17.08.2022 22:00:00";"0";"0";"0";"1";"01.01.0001 00:00:00";""
"2100";"18.08.2022 22:00:00";"181165";"0";"50";"1";"0";"18.08.2022 22:39:05";"0";"18.08.2022 22:00:00";"0";"18.08.2022 22:00:00";"0";"0";"0";"1";"01.01.0001 00:00:00";""
"2100";"19.08.2022 22:00:00";"181165";"0";"50";"1";"0";"19.08.2022 22:39:17";"0";"19.08.2022 22:00:00";"0";"19.08.2022 22:00:00";"0";"0";"0";"1";"01.01.0001 00:00:00";""
"2100";"20.08.2022 22:00:00";"181165";"0";"50";"1";"0";"20.08.2022 22:39:11";"0";"20.08.2022 22:00:00";"0";"20.08.2022 22:00:00";"0";"0";"0";"1";"01.01.0001 00:00:00";""
"2100";"21.08.2022 22:00:00";"181165";"0";"50";"1";"0";"21.08.2022 22:39:28";"0";"21.08.2022 22:00:00";"0";"21.08.2022 22:00:00";"0";"0";"0";"1";"01.01.0001 00:00:00";""
"2100";"22.08.2022 22:00:00";"181165";"0";"50";"3";"0";"22.08.2022 22:39:08";"0";"22.08.2022 22:00:00";"0";"22.08.2022 22:00:00";"0";"0";"0";"1";"01.01.0001 00:00:00";""
"2100";"23.08.2022 22:00:00";"181165";"0";"50";"1";"0";"23.08.2022 22:39:16";"0";"23.08.2022 22:00:00";"0";"23.08.2022 22:00:00";"0";"0";"0";"1";"01.01.0001 00:00:00";""
"2100";"24.08.2022 22:00:00";"181165";"0";"50";"1";"0";"24.08.2022 22:39:30";"0";"24.08.2022 22:00:00";"0";"24.08.2022 22:00:00";"0";"0";"0";"1";"01.01.0001 00:00:00";""
"2100";"25.08.2022 22:00:00";"181165";"0";"50";"1";"0";"25.08.2022 22:39:29";"0";"25.08.2022 22:00:00";"0";"25.08.2022 22:00:00";"0";"0";"0";"1";"01.01.0001 00:00:00";""
"2100";"26.08.2022 22:00:00";"181165";"48.4460743362832";"50";"0";"0";"26.08.2022 22:39:09";"48.4460743362832";"26.08.2022 22:00:00";"48.4460743362832";"26.08.2022 22:00:00";"48.4460743362832";"48.4460743362832";"2.01858643067847";"1";"01.01.0001 00:00:00";""
"2100";"27.08.2022 22:00:00";"181165";"0";"50";"3";"0";"27.08.2022 22:40:28";"0";"27.08.2022 22:00:00";"0";"27.08.2022 22:00:00";"0";"0";"0";"1";"01.01.0001 00:00:00";""
"2100";"28.08.2022 22:00:00";"181165";"0";"50";"1";"0";"28.08.2022 22:40:35";"0";"28.08.2022 22:00:00";"0";"28.08.2022 22:00:00";"0";"0";"0";"1";"01.01.0001 00:00:00";""
"2100";"29.08.2022 22:00:00";"181165";"24.5995610619469";"50";"0";"0";"29.08.2022 22:39:50";"24.5995610619469";"29.08.2022 22:00:00";"24.5995610619469";"29.08.2022 22:00:00";"24.5995610619469";"24.5995610619469";"1.02498171091445";"1";"01.01.0001 00:00:00";""
"2100";"30.08.2022 22:00:00";"181165";"45.7151419980808";"50";"0";"0";"30.08.2022 22:39:45";"45.7151419980808";"30.08.2022 22:00:00";"45.7151419980808";"30.08.2022 22:00:00";"45.7151419980808";"45.7151419980808";"1.90479758325337";"1";"01.01.0001 00:00:00";""
"2100";"31.08.2022 22:00:00";"181165";"45.5764602336283";"50";"0";"0";"31.08.2022 22:44:04";"45.5764602336283";"31.08.2022 22:00:00";"45.5764602336283";"31.08.2022 22:00:00";"45.5764602336283";"45.5764602336283";"1.89901917640118";"1";"01.01.0001 00:00:00";""
"2100";"01.09.2022 22:00:00";"181165";"45.5916646270544";"50";"0";"999";"01.09.2022 22:40:09";"45.5916646270544";"01.09.2022 22:00:00";"45.5916646270544";"01.09.2022 22:00:00";"45.5916646270544";"45.5916646270544";"1.89965269279393";"1";"01.01.0001 00:00:00";""
"2100";"02.09.2022 22:00:00";"181165";"45.4553988369153";"50";"0";"0";"02.09.2022 22:40:13";"45.4553988369153";"02.09.2022 22:00:00";"45.4553988369153";"02.09.2022 22:00:00";"45.4553988369153";"45.4553988369153";"1.89397495153814";"1";"01.01.0001 00:00:00";""
"2100";"03.09.2022 22:00:00";"181165";"45.4553988369153";"50";"0";"0";"03.09.2022 22:42:07";"45.4553988369153";"03.09.2022 22:00:00";"45.4553988369153";"03.09.2022 22:00:00";"45.4553988369153";"45.4553988369153";"1.89397495153814";"1";"01.01.0001 00:00:00";""
"2100";"04.09.2022 22:00:00";"181165";"45.2754405071236";"50";"0";"0";"04.09.2022 22:40:47";"45.2754405071236";"04.09.2022 22:00:00";"45.2754405071236";"04.09.2022 22:00:00";"45.2754405071236";"45.2754405071236";"1.88647668779682";"1";"01.01.0001 00:00:00";""
"2100";"05.09.2022 22:00:00";"181165";"46.2074220697128";"50";"0";"0";"05.09.2022 22:40:12";"46.2074220697128";"05.09.2022 22:00:00";"46.2074220697128";"05.09.2022 22:00:00";"46.2074220697128";"46.2074220697128";"1.9253092529047";"1";"01.01.0001 00:00:00";""
"2100";"06.09.2022 22:00:00";"181165";"0";"50";"1";"0";"06.09.2022 22:40:16";"0";"06.09.2022 22:00:00";"0";"06.09.2022 22:00:00";"0";"0";"0";"1";"01.01.0001 00:00:00";""
"2100";"07.09.2022 22:00:00";"181165";"0";"50";"1";"0";"07.09.2022 22:39:42";"0";"07.09.2022 22:00:00";"0";"07.09.2022 22:00:00";"0";"0";"0";"1";"01.01.0001 00:00:00";""
"2100";"08.09.2022 22:00:00";"181165";"0";"50";"1";"0";"08.09.2022 22:41:37";"0";"08.09.2022 22:00:00";"0";"08.09.2022 22:00:00";"0";"0";"0";"1";"01.01.0001 00:00:00";""
"2100";"09.09.2022 22:00:00";"181165";"0";"50";"1";"0";"09.09.2022 22:40:21";"0";"09.09.2022 22:00:00";"0";"09.09.2022 22:00:00";"0";"0";"0";"1";"01.01.0001 00:00:00";""
"2100";"10.09.2022 22:00:00";"181165";"0";"50";"1";"0";"10.09.2022 22:38:37";"0";"10.09.2022 22:00:00";"0";"10.09.2022 22:00:00";"0";"0";"0";"1";"01.01.0001 00:00:00";""
"2100";"11.09.2022 22:00:00";"181165";"0";"50";"1";"0";"11.09.2022 22:41:55";"0";"11.09.2022 22:00:00";"0";"11.09.2022 22:00:00";"0";"0";"0";"1";"01.01.0001 00:00:00";""
"2100";"12.09.2022 22:00:00";"181165";"0";"50";"1";"0";"12.09.2022 22:42:55";"0";"12.09.2022 22:00:00";"0";"12.09.2022 22:00:00";"0";"0";"0";"1";"01.01.0001 00:00:00";""
"2100";"13.09.2022 22:00:00";"181165";"51.1355307206068";"50";"0";"0";"13.09.2022 22:42:32";"51.1355307206068";"13.09.2022 22:00:00";"51.1355307206068";"13.09.2022 22:00:00";"51.1355307206068";"51.1355307206068";"2.13064711335862";"1";"01.01.0001 00:00:00";""
"2100";"14.09.2022 22:00:00";"181165";"0";"50";"1";"0";"14.09.2022 22:42:57";"0";"14.09.2022 22:00:00";"0";"14.09.2022 22:00:00";"0";"0";"0";"1";"01.01.0001 00:00:00";""
"2100";"15.09.2022 22:00:00";"181165";"0";"50";"1";"0";"15.09.2022 22:41:15";"0";"15.09.2022 22:00:00";"0";"15.09.2022 22:00:00";"0";"0";"0";"1";"01.01.0001 00:00:00";""
"2100";"16.09.2022 22:00:00";"181165";"0";"50";"1";"0";"16.09.2022 22:42:02";"0";"16.09.2022 22:00:00";"0";"16.09.2022 22:00:00";"0";"0";"0";"1";"01.01.0001 00:00:00";""
"2100";"17.09.2022 22:00:00";"181165";"0";"50";"1";"0";"17.09.2022 22:42:02";"0";"17.09.2022 22:00:00";"0";"17.09.2022 22:00:00";"0";"0";"0";"1";"01.01.0001 00:00:00";""
"2100";"18.09.2022 22:00:00";"181165";"49.0556844500632";"50";"0";"0";"18.09.2022 22:41:03";"49.0556844500632";"18.09.2022 22:00:00";"49.0556844500632";"18.09.2022 22:00:00";"49.0556844500632";"49.0556844500632";"2.04398685208597";"1";"01.01.0001 00:00:00";""
"2100";"19.09.2022 22:00:00";"181165";"0";"50";"3";"0";"19.09.2022 22:42:48";"0";"19.09.2022 22:00:00";"0";"19.09.2022 22:00:00";"0";"0";"0";"1";"01.01.0001 00:00:00";""
"2100";"20.09.2022 22:00:00";"181165";"51.245138754383";"50";"0";"0";"20.09.2022 22:41:36";"51.245138754383";"20.09.2022 22:00:00";"51.245138754383";"20.09.2022 22:00:00";"51.245138754383";"51.245138754383";"2.13521411476596";"1";"01.01.0001 00:00:00";""
"2100";"21.09.2022 22:00:00";"181165";"51.7491252142155";"50";"0";"999";"21.09.2022 22:39:11";"51.7491252142155";"21.09.2022 22:00:00";"51.7491252142155";"21.09.2022 22:00:00";"51.7491252142155";"51.7491252142155";"2.15621355059231";"1";"01.01.0001 00:00:00";""
"2100";"22.09.2022 22:00:00";"181165";"51.6694376176429";"50";"0";"0";"24.09.2022 03:48:20";"51.6694376176429";"22.09.2022 22:00:00";"51.6694376176429";"22.09.2022 22:00:00";"51.6694376176429";"51.6694376176429";"2.15289323406846";"1";"01.01.0001 00:00:00";""
"2100";"23.09.2022 22:00:00";"181165";"51.828812810788";"50";"0";"0";"28.09.2022 02:52:38";"51.828812810788";"23.09.2022 22:00:00";"51.828812810788";"23.09.2022 22:00:00";"51.828812810788";"51.828812810788";"2.15953386711617";"1";"01.01.0001 00:00:00";""
"2100";"24.09.2022 22:00:00";"181165";"51.5788321928785";"50";"0";"0";"01.10.2022 19:36:18";"51.5788321928785";"24.09.2022 22:00:00";"51.5788321928785";"24.09.2022 22:00:00";"51.5788321928785";"51.5788321928785";"2.14911800803661";"1";"01.01.0001 00:00:00";""
"2100";"25.09.2022 22:00:00";"181165";"51.9802192442759";"50";"0";"0";"04.10.2022 21:53:38";"51.9802192442759";"25.09.2022 22:00:00";"51.9802192442759";"25.09.2022 22:00:00";"51.9802192442759";"51.9802192442759";"2.1658424685115";"1";"01.01.0001 00:00:00";""
"2100";"26.09.2022 22:00:00";"181165";"51.828812810788";"50";"0";"0";"07.10.2022 17:53:05";"51.828812810788";"26.09.2022 22:00:00";"51.828812810788";"26.09.2022 22:00:00";"51.828812810788";"51.828812810788";"2.15953386711617";"1";"01.01.0001 00:00:00";""
"2100";"27.09.2022 22:00:00";"181165";"51.9802192442759";"50";"0";"0";"09.10.2022 21:16:44";"51.9802192442759";"27.09.2022 22:00:00";"51.9802192442759";"27.09.2022 22:00:00";"51.9802192442759";"51.9802192442759";"2.1658424685115";"1";"01.01.0001 00:00:00";""
"2100";"28.09.2022 22:00:00";"181165";"52.5045354217245";"50";"0";"0";"12.10.2022 02:03:08";"52.5045354217245";"28.09.2022 22:00:00";"52.5045354217245";"28.09.2022 22:00:00";"52.5045354217245";"52.5045354217245";"2.18768897590519";"1";"01.01.0001 00:00:00";""
"2100";"29.09.2022 22:00:00";"181165";"52.5088136348738";"50";"0";"999";"14.10.2022 03:31:16";"52.5088136348738";"29.09.2022 22:00:00";"52.5088136348738";"29.09.2022 22:00:00";"52.5088136348738";"52.5088136348738";"2.18786723478641";"1";"01.01.0001 00:00:00";""
"2100";"30.09.2022 22:00:00";"181165";"52.5389551187704";"50";"0";"0";"16.10.2022 05:57:08";"52.5389551187704";"30.09.2022 22:00:00";"52.5389551187704";"30.09.2022 22:00:00";"52.5389551187704";"52.5389551187704";"2.18912312994877";"1";"01.01.0001 00:00:00";""
"2100";"01.10.2022 22:00:00";"181165";"52.7036906739278";"50";"0";"999";"18.10.2022 05:55:14";"52.7036906739278";"01.10.2022 22:00:00";"52.7036906739278";"01.10.2022 22:00:00";"52.7036906739278";"52.7036906739278";"2.19598711141366";"1";"01.01.0001 00:00:00";""
"2100";"02.10.2022 22:00:00";"181165";"52.888472525211";"50";"0";"999";"20.10.2022 08:48:08";"52.888472525211";"02.10.2022 22:00:00";"52.888472525211";"02.10.2022 22:00:00";"52.888472525211";"52.888472525211";"2.20368635521712";"1";"01.01.0001 00:00:00";""
"2100";"03.10.2022 22:00:00";"181165";"53.29464517932";"50";"0";"0";"22.10.2022 11:21:04";"53.29464517932";"03.10.2022 22:00:00";"53.29464517932";"03.10.2022 22:00:00";"53.29464517932";"53.29464517932";"2.220610215805";"1";"01.01.0001 00:00:00";""
"2100";"04.10.2022 22:00:00";"181165";"52.1200347546259";"50";"0";"0";"24.10.2022 13:29:51";"52.1200347546259";"04.10.2022 22:00:00";"52.1200347546259";"04.10.2022 22:00:00";"52.1200347546259";"52.1200347546259";"2.17166811477608";"1";"01.01.0001 00:00:00";""
"2100";"05.10.2022 22:00:00";"181165";"52.3069383902234";"50";"0";"0";"26.10.2022 14:39:57";"52.3069383902234";"05.10.2022 22:00:00";"52.3069383902234";"05.10.2022 22:00:00";"52.3069383902234";"52.3069383902234";"2.17945576625931";"1";"01.01.0001 00:00:00";""
"2100";"06.10.2022 22:00:00";"181165";"0";"50";"1";"0";"28.10.2022 19:34:32";"0";"06.10.2022 22:00:00";"0";"06.10.2022 22:00:00";"0";"0";"0";"1";"01.01.0001 00:00:00";""
"2100";"07.10.2022 22:00:00";"181165";"52.7228174319586";"50";"0";"0";"31.10.2022 01:25:14";"52.7228174319586";"07.10.2022 22:00:00";"52.7228174319586";"07.10.2022 22:00:00";"52.7228174319586";"52.7228174319586";"2.19678405966494";"1";"01.01.0001 00:00:00";""
"2100";"08.10.2022 22:00:00";"181165";"53.0017464131049";"50";"0";"0";"02.11.2022 09:03:19";"53.0017464131049";"08.10.2022 22:00:00";"53.0017464131049";"08.10.2022 22:00:00";"53.0017464131049";"53.0017464131049";"2.20840610054604";"1";"01.01.0001 00:00:00";""
"2100";"09.10.2022 22:00:00";"181165";"52.2782508554572";"50";"0";"999";"04.11.2022 15:54:39";"52.2782508554572";"09.10.2022 22:00:00";"52.2782508554572";"09.10.2022 22:00:00";"52.2782508554572";"52.2782508554572";"2.17826045231072";"1";"01.01.0001 00:00:00";""
"2100";"10.10.2022 22:00:00";"181165";"52.3710506838294";"50";"0";"0";"07.11.2022 00:00:10";"52.3710506838294";"10.10.2022 22:00:00";"52.3710506838294";"10.10.2022 22:00:00";"52.3710506838294";"52.3710506838294";"2.18212711182623";"1";"01.01.0001 00:00:00";""
"2100";"11.10.2022 22:00:00";"181165";"51.9160004164498";"50";"0";"0";"09.11.2022 07:42:03";"51.9160004164498";"11.10.2022 22:00:00";"51.9160004164498";"11.10.2022 22:00:00";"51.9160004164498";"51.9160004164498";"2.16316668401874";"1";"01.01.0001 00:00:00";""
"2100";"12.10.2022 22:00:00";"181165";"52.4441396434526";"50";"0";"0";"11.11.2022 15:54:43";"52.4441396434526";"12.10.2022 22:00:00";"52.4441396434526";"12.10.2022 22:00:00";"52.4441396434526";"52.4441396434526";"2.18517248514386";"1";"01.01.0001 00:00:00";""
"2100";"13.10.2022 22:00:00";"181165";"52.2856883644707";"50";"0";"0";"14.11.2022 00:32:06";"52.2856883644707";"13.10.2022 22:00:00";"52.2856883644707";"13.10.2022 22:00:00";"52.2856883644707";"52.2856883644707";"2.17857034851961";"1";"01.01.0001 00:00:00";""
"2100";"14.10.2022 22:00:00";"181165";"52.1056223567769";"50";"0";"999";"16.11.2022 12:44:26";"52.1056223567769";"14.10.2022 22:00:00";"52.1056223567769";"14.10.2022 22:00:00";"52.1056223567769";"52.1056223567769";"2.17106759819904";"1";"01.01.0001 00:00:00";""
"2100";"15.10.2022 22:00:00";"181165";"0";"50";"1";"0";"18.11.2022 20:18:10";"0";"15.10.2022 22:00:00";"0";"15.10.2022 22:00:00";"0";"0";"0";"1";"01.01.0001 00:00:00";""
"2100";"16.10.2022 22:00:00";"181165";"53.3026868795691";"50";"0";"0";"21.11.2022 05:55:36";"53.3026868795691";"16.10.2022 22:00:00";"53.3026868795691";"16.10.2022 22:00:00";"53.3026868795691";"53.3026868795691";"2.22094528664871";"1";"01.01.0001 00:00:00";""
"2100";"17.10.2022 22:00:00";"181165";"52.5066261322228";"50";"0";"0";"22.11.2022 12:25:17";"52.5066261322228";"17.10.2022 22:00:00";"52.5066261322228";"17.10.2022 22:00:00";"52.5066261322228";"52.5066261322228";"2.18777608884262";"1";"01.01.0001 00:00:00";""
"2100";"18.10.2022 22:00:00";"181165";"51.2528888173773";"50";"0";"0";"22.11.2022 17:02:22";"51.2528888173773";"18.10.2022 22:00:00";"51.2528888173773";"18.10.2022 22:00:00";"51.2528888173773";"51.2528888173773";"2.13553703405739";"1";"01.01.0001 00:00:00";""
"2100";"19.10.2022 22:00:00";"181165";"53.4231143118706";"50";"0";"0";"22.11.2022 22:00:32";"53.4231143118706";"19.10.2022 22:00:00";"53.4231143118706";"19.10.2022 22:00:00";"53.4231143118706";"53.4231143118706";"2.22596309632794";"1";"01.01.0001 00:00:00";""
"2100";"20.10.2022 22:00:00";"181165";"52.2873787074283";"50";"0";"0";"23.11.2022 02:44:17";"52.2873787074283";"20.10.2022 22:00:00";"52.2873787074283";"20.10.2022 22:00:00";"52.2873787074283";"52.2873787074283";"2.17864077947618";"1";"01.01.0001 00:00:00";""
"2100";"21.10.2022 22:00:00";"181165";"52.9982821334609";"50";"0";"0";"23.11.2022 07:26:25";"52.9982821334609";"21.10.2022 22:00:00";"52.9982821334609";"21.10.2022 22:00:00";"52.9982821334609";"52.9982821334609";"2.20826175556087";"1";"01.01.0001 00:00:00";""
"2100";"22.10.2022 22:00:00";"181165";"50.6633817109145";"50";"0";"0";"23.11.2022 19:25:46";"50.6633817109145";"22.10.2022 22:00:00";"50.6633817109145";"22.10.2022 22:00:00";"50.6633817109145";"50.6633817109145";"2.11097423795477";"1";"01.01.0001 00:00:00";""
"2100";"23.10.2022 22:00:00";"181165";"52.622066613033";"50";"0";"999";"25.11.2022 22:06:37";"52.622066613033";"23.10.2022 22:00:00";"52.622066613033";"23.10.2022 22:00:00";"52.622066613033";"52.622066613033";"2.19258610887637";"1";"01.01.0001 00:00:00";""
"2100";"24.10.2022 22:00:00";"181165";"0";"50";"1";"0";"26.11.2022 03:41:55";"0";"24.10.2022 22:00:00";"0";"24.10.2022 22:00:00";"0";"0";"0";"1";"01.01.0001 00:00:00";""
"2100";"25.10.2022 22:00:00";"181165";"0";"50";"1";"0";"26.11.2022 09:05:36";"0";"25.10.2022 22:00:00";"0";"25.10.2022 22:00:00";"0";"0";"0";"1";"01.01.0001 00:00:00";""
"2100";"26.10.2022 22:00:00";"181165";"0";"50";"1";"0";"26.11.2022 14:28:04";"0";"26.10.2022 22:00:00";"0";"26.10.2022 22:00:00";"0";"0";"0";"1";"01.01.0001 00:00:00";""
"2100";"27.10.2022 22:00:00";"181165";"53.3358646371681";"50";"0";"0";"27.11.2022 01:04:28";"53.3358646371681";"27.10.2022 22:00:00";"53.3358646371681";"27.10.2022 22:00:00";"53.3358646371681";"53.3358646371681";"2.22232769321534";"1";"01.01.0001 00:00:00";""
"2100";"28.10.2022 22:00:00";"181165";"0";"50";"3";"0";"27.11.2022 06:55:08";"0";"28.10.2022 22:00:00";"0";"28.10.2022 22:00:00";"0";"0";"0";"1";"01.01.0001 00:00:00";""
"2100";"29.10.2022 22:00:00";"181165";"49.6676851917404";"50";"0";"0";"27.11.2022 12:23:54";"49.6676851917404";"29.10.2022 22:00:00";"49.6676851917404";"29.10.2022 22:00:00";"49.6676851917404";"49.6676851917404";"2.06948688298918";"1";"01.01.0001 00:00:00";""
"2100";"30.10.2022 23:00:00";"181165";"52.9957380530973";"50";"0";"0";"27.11.2022 18:15:41";"52.9957380530973";"30.10.2022 23:00:00";"52.9957380530973";"30.10.2022 23:00:00";"52.9957380530973";"52.9957380530973";"2.20815575221239";"1";"01.01.0001 00:00:00";""
"2100";"31.10.2022 23:00:00";"181165";"51.7965913043478";"50";"0";"0";"27.11.2022 22:26:46";"51.7965913043478";"31.10.2022 23:00:00";"51.7965913043478";"31.10.2022 23:00:00";"51.7965913043478";"51.7965913043478";"2.15819130434783";"1";"01.01.0001 00:00:00";""
"2100";"01.11.2022 23:00:00";"181165";"53.3408849557522";"50";"0";"999";"28.11.2022 02:31:11";"53.3408849557522";"01.11.2022 23:00:00";"53.3408849557522";"01.11.2022 23:00:00";"53.3408849557522";"53.3408849557522";"2.22253687315634";"1";"01.01.0001 00:00:00";""
"2100";"02.11.2022 23:00:00";"181165";"52.9476266666667";"50";"0";"0";"27.11.2022 23:30:23";"52.9476266666667";"02.11.2022 23:00:00";"52.9476266666667";"02.11.2022 23:00:00";"52.9476266666667";"52.9476266666667";"2.20615111111111";"1";"01.01.0001 00:00:00";""
"2100";"03.11.2022 23:00:00";"181165";"52.0607037168142";"50";"0";"0";"28.11.2022 02:31:11";"52.0607037168142";"03.11.2022 23:00:00";"52.0607037168142";"03.11.2022 23:00:00";"52.0607037168142";"52.0607037168142";"2.16919598820059";"1";"01.01.0001 00:00:00";""
"2100";"04.11.2022 23:00:00";"181165";"53.5608612808069";"50";"0";"0";"28.11.2022 02:31:11";"53.5608612808069";"04.11.2022 23:00:00";"53.5608612808069";"04.11.2022 23:00:00";"53.5608612808069";"53.5608612808069";"2.23170255336696";"1";"01.01.0001 00:00:00";""
"2100";"05.11.2022 23:00:00";"181165";"52.7788275490573";"50";"0";"0";"28.11.2022 01:08:08";"52.7788275490573";"05.11.2022 23:00:00";"52.7788275490573";"05.11.2022 23:00:00";"52.7788275490573";"52.7788275490573";"2.19911781454406";"1";"01.01.0001 00:00:00";""
"2100";"06.11.2022 23:00:00";"181165";"53.0201423795477";"50";"0";"0";"28.11.2022 01:38:22";"53.0201423795477";"06.11.2022 23:00:00";"53.0201423795477";"06.11.2022 23:00:00";"53.0201423795477";"53.0201423795477";"2.20917259914782";"1";"01.01.0001 00:00:00";""
"2100";"07.11.2022 23:00:00";"181165";"52.9345795110245";"50";"0";"0";"28.11.2022 02:09:24";"52.9345795110245";"07.11.2022 23:00:00";"52.9345795110245";"07.11.2022 23:00:00";"52.9345795110245";"52.9345795110245";"2.20560747962602";"1";"01.01.0001 00:00:00";""
"2100";"08.11.2022 23:00:00";"181165";"53.7374901238938";"50";"0";"0";"28.11.2022 03:40:31";"53.7374901238938";"08.11.2022 23:00:00";"53.7374901238938";"08.11.2022 23:00:00";"53.7374901238938";"53.7374901238938";"2.23906208849558";"1";"01.01.0001 00:00:00";""
"2100";"09.11.2022 23:00:00";"181165";"52.826302300885";"50";"0";"0";"28.11.2022 08:53:27";"52.826302300885";"09.11.2022 23:00:00";"52.826302300885";"09.11.2022 23:00:00";"52.826302300885";"52.826302300885";"2.20109592920354";"1";"01.01.0001 00:00:00";""
"2100";"10.11.2022 23:00:00";"181165";"53.0647674336283";"50";"0";"999";"28.11.2022 11:19:06";"53.0647674336283";"10.11.2022 23:00:00";"53.0647674336283";"10.11.2022 23:00:00";"53.0647674336283";"53.0647674336283";"2.21103197640118";"1";"01.01.0001 00:00:00";""
"2100";"11.11.2022 23:00:00";"181165";"53.0196696565172";"50";"0";"999";"28.11.2022 11:56:57";"53.0196696565172";"11.11.2022 23:00:00";"53.0196696565172";"11.11.2022 23:00:00";"53.0196696565172";"53.0196696565172";"2.20915290235488";"1";"01.01.0001 00:00:00";""
"2100";"12.11.2022 23:00:00";"181165";"54.0401436156764";"50";"0";"0";"28.11.2022 12:30:52";"54.0401436156764";"12.11.2022 23:00:00";"54.0401436156764";"12.11.2022 23:00:00";"54.0401436156764";"54.0401436156764";"2.25167265065318";"1";"01.01.0001 00:00:00";""
"2100";"13.11.2022 23:00:00";"181165";"0";"50";"1";"0";"28.11.2022 13:08:25";"0";"13.11.2022 23:00:00";"0";"13.11.2022 23:00:00";"0";"0";"0";"1";"01.01.0001 00:00:00";""
"2100";"14.11.2022 23:00:00";"181165";"52.5268761567636";"50";"0";"0";"28.11.2022 13:44:27";"52.5268761567636";"14.11.2022 23:00:00";"52.5268761567636";"14.11.2022 23:00:00";"52.5268761567636";"52.5268761567636";"2.18861983986515";"1";"01.01.0001 00:00:00";""
"2100";"15.11.2022 23:00:00";"181165";"53.0963768469354";"50";"0";"0";"28.11.2022 15:01:35";"53.0963768469354";"15.11.2022 23:00:00";"53.0963768469354";"15.11.2022 23:00:00";"53.0963768469354";"53.0963768469354";"2.21234903528898";"1";"01.01.0001 00:00:00";""
"2100";"16.11.2022 23:00:00";"181165";"53.4055405738804";"50";"0";"0";"28.11.2022 15:41:34";"53.4055405738804";"16.11.2022 23:00:00";"53.4055405738804";"16.11.2022 23:00:00";"53.4055405738804";"53.4055405738804";"2.22523085724502";"1";"01.01.0001 00:00:00";""
"2100";"17.11.2022 23:00:00";"181165";"53.2586555996338";"50";"0";"0";"28.11.2022 16:22:44";"53.2586555996338";"17.11.2022 23:00:00";"53.2586555996338";"17.11.2022 23:00:00";"53.2586555996338";"53.2586555996338";"2.21911064998474";"1";"01.01.0001 00:00:00";""
"2100";"18.11.2022 23:00:00";"181165";"53.4494068800319";"50";"0";"0";"28.11.2022 16:55:46";"53.4494068800319";"18.11.2022 23:00:00";"53.4494068800319";"18.11.2022 23:00:00";"53.4494068800319";"53.4494068800319";"2.22705862000133";"1";"01.01.0001 00:00:00";""
"2100";"19.11.2022 23:00:00";"181165";"53.1125988154136";"50";"0";"0";"28.11.2022 17:34:01";"53.1125988154136";"19.11.2022 23:00:00";"53.1125988154136";"19.11.2022 23:00:00";"53.1125988154136";"53.1125988154136";"2.21302495064223";"1";"01.01.0001 00:00:00";""
"2100";"20.11.2022 23:00:00";"181165";"53.2854279481375";"50";"0";"0";"28.11.2022 18:12:22";"53.2854279481375";"20.11.2022 23:00:00";"53.2854279481375";"20.11.2022 23:00:00";"53.2854279481375";"53.2854279481375";"2.22022616450573";"1";"01.01.0001 00:00:00";""
"2100";"21.11.2022 23:00:00";"181165";"53.5219613321624";"50";"0";"0";"28.11.2022 18:48:56";"53.5219613321624";"21.11.2022 23:00:00";"53.5219613321624";"21.11.2022 23:00:00";"53.5219613321624";"53.5219613321624";"2.23008172217343";"1";"01.01.0001 00:00:00";""
"2100";"22.11.2022 23:00:00";"181165";"21.3135343523733";"50";"0";"0";"28.11.2022 19:26:35";"21.3135343523733";"22.11.2022 23:00:00";"21.3135343523733";"22.11.2022 23:00:00";"21.3135343523733";"21.3135343523733";"0.888063931348887";"1";"01.01.0001 00:00:00";""
"2100";"23.11.2022 23:00:00";"181165";"0";"50";"0";"0";"28.11.2022 20:06:37";"0";"23.11.2022 23:00:00";"0";"23.11.2022 23:00:00";"0";"0";"0";"1";"01.01.0001 00:00:00";""
"2100";"24.11.2022 23:00:00";"181165";"0";"50";"0";"0";"28.11.2022 20:40:22";"0";"24.11.2022 23:00:00";"0";"24.11.2022 23:00:00";"0";"0";"0";"1";"01.01.0001 00:00:00";""
"2100";"25.11.2022 23:00:00";"181165";"0";"50";"0";"0";"28.11.2022 21:15:01";"0";"25.11.2022 23:00:00";"0";"25.11.2022 23:00:00";"0";"0";"0";"1";"01.01.0001 00:00:00";""
"2100";"26.11.2022 23:00:00";"181165";"0";"50";"0";"0";"28.11.2022 21:54:50";"0";"26.11.2022 23:00:00";"0";"26.11.2022 23:00:00";"0";"0";"0";"1";"01.01.0001 00:00:00";""
"2100";"27.11.2022 23:00:00";"181165";"0";"50";"0";"0";"28.11.2022 22:34:38";"0";"27.11.2022 23:00:00";"0";"27.11.2022 23:00:00";"0";"0";"0";"1";"01.01.0001 00:00:00";""
"2100";"28.11.2022 23:00:00";"181165";"0";"50";"0";"0";"28.11.2022 23:38:13";"0";"28.11.2022 23:00:00";"0";"28.11.2022 23:00:00";"0";"0";"0";"1";"01.01.0001 00:00:00";""
"2100";"29.11.2022 23:00:00";"181165";"0";"50";"0";"0";"29.11.2022 23:39:17";"0";"29.11.2022 23:00:00";"0";"29.11.2022 23:00:00";"0";"0";"0";"1";"01.01.0001 00:00:00";""
"2100";"30.11.2022 23:00:00";"181165";"0";"50";"0";"0";"30.11.2022 23:40:11";"0";"30.11.2022 23:00:00";"0";"30.11.2022 23:00:00";"0";"0";"0";"1";"01.01.0001 00:00:00";""
"2100";"01.12.2022 23:00:00";"181165";"0";"50";"0";"999";"01.12.2022 23:39:19";"0";"01.12.2022 23:00:00";"0";"01.12.2022 23:00:00";"0";"0";"0";"1";"01.01.0001 00:00:00";""
"2100";"02.12.2022 23:00:00";"181165";"0";"50";"0";"0";"02.12.2022 23:39:34";"0";"02.12.2022 23:00:00";"0";"02.12.2022 23:00:00";"0";"0";"0";"1";"01.01.0001 00:00:00";""
"2100";"03.12.2022 23:00:00";"181165";"0";"50";"0";"999";"03.12.2022 23:38:37";"0";"03.12.2022 23:00:00";"0";"03.12.2022 23:00:00";"0";"0";"0";"1";"01.01.0001 00:00:00";""
"2100";"04.12.2022 23:00:00";"181165";"0";"50";"0";"0";"04.12.2022 23:39:31";"0";"04.12.2022 23:00:00";"0";"04.12.2022 23:00:00";"0";"0";"0";"1";"01.01.0001 00:00:00";""
"2100";"05.12.2022 23:00:00";"181165";"0";"50";"0";"0";"05.12.2022 23:39:11";"0";"05.12.2022 23:00:00";"0";"05.12.2022 23:00:00";"0";"0";"0";"1";"01.01.0001 00:00:00";""
"2100";"06.12.2022 23:00:00";"181165";"0";"50";"0";"0";"06.12.2022 23:39:15";"0";"06.12.2022 23:00:00";"0";"06.12.2022 23:00:00";"0";"0";"0";"1";"01.01.0001 00:00:00";""
"2100";"07.12.2022 23:00:00";"181165";"0";"50";"0";"999";"07.12.2022 23:39:36";"0";"07.12.2022 23:00:00";"0";"07.12.2022 23:00:00";"0";"0";"0";"1";"01.01.0001 00:00:00";""
"2100";"08.12.2022 23:00:00";"181165";"0";"50";"0";"0";"08.12.2022 23:39:49";"0";"08.12.2022 23:00:00";"0";"08.12.2022 23:00:00";"0";"0";"0";"1";"01.01.0001 00:00:00";""
"2100";"09.12.2022 23:00:00";"181165";"0";"50";"0";"0";"09.12.2022 23:39:37";"0";"09.12.2022 23:00:00";"0";"09.12.2022 23:00:00";"0";"0";"0";"1";"01.01.0001 00:00:00";""
"2100";"10.12.2022 23:00:00";"181165";"0";"50";"0";"0";"10.12.2022 23:39:08";"0";"10.12.2022 23:00:00";"0";"10.12.2022 23:00:00";"0";"0";"0";"1";"01.01.0001 00:00:00";""
"2100";"11.12.2022 23:00:00";"181165";"0";"50";"0";"0";"11.12.2022 23:39:13";"0";"11.12.2022 23:00:00";"0";"11.12.2022 23:00:00";"0";"0";"0";"1";"01.01.0001 00:00:00";""
"2100";"12.12.2022 23:00:00";"181165";"0";"50";"0";"0";"14.12.2022 02:10:27";"0";"12.12.2022 23:00:00";"0";"12.12.2022 23:00:00";"0";"0";"0";"1";"01.01.0001 00:00:00";""
"2100";"13.12.2022 23:00:00";"181165";"0";"50";"0";"0";"14.12.2022 02:42:51";"0";"13.12.2022 23:00:00";"0";"13.12.2022 23:00:00";"0";"0";"0";"1";"01.01.0001 00:00:00";""
"2100";"14.12.2022 23:00:00";"181165";"0";"50";"3";"0";"14.12.2022 23:39:14";"0";"14.12.2022 23:00:00";"0";"14.12.2022 23:00:00";"0";"0";"0";"1";"01.01.0001 00:00:00";""
"2100";"15.12.2022 23:00:00";"181165";"0";"50";"0";"0";"15.12.2022 23:39:08";"0";"15.12.2022 23:00:00";"0";"15.12.2022 23:00:00";"0";"0";"0";"1";"01.01.0001 00:00:00";""
"2100";"16.12.2022 23:00:00";"181165";"0";"50";"0";"0";"16.12.2022 23:39:14";"0";"16.12.2022 23:00:00";"0";"16.12.2022 23:00:00";"0";"0";"0";"1";"01.01.0001 00:00:00";""
"2100";"17.12.2022 23:00:00";"181165";"0";"50";"0";"0";"17.12.2022 23:39:46";"0";"17.12.2022 23:00:00";"0";"17.12.2022 23:00:00";"0";"0";"0";"1";"01.01.0001 00:00:00";""
"2100";"18.12.2022 23:00:00";"181165";"0";"50";"0";"0";"20.12.2022 09:09:19";"0";"18.12.2022 23:00:00";"0";"18.12.2022 23:00:00";"0";"0";"0";"1";"01.01.0001 00:00:00";""
"2100";"19.12.2022 23:00:00";"181165";"0";"50";"0";"0";"20.12.2022 09:55:14";"0";"19.12.2022 23:00:00";"0";"19.12.2022 23:00:00";"0";"0";"0";"1";"01.01.0001 00:00:00";""
"2100";"20.12.2022 23:00:00";"181165";"0";"50";"0";"0";"20.12.2022 23:39:17";"0";"20.12.2022 23:00:00";"0";"20.12.2022 23:00:00";"0";"0";"0";"1";"01.01.0001 00:00:00";""
"2100";"21.12.2022 23:00:00";"181165";"0";"50";"0";"0";"21.12.2022 23:39:44";"0";"21.12.2022 23:00:00";"0";"21.12.2022 23:00:00";"0";"0";"0";"1";"01.01.0001 00:00:00";""
"2100";"22.12.2022 23:00:00";"181165";"0";"50";"0";"0";"22.12.2022 23:39:18";"0";"22.12.2022 23:00:00";"0";"22.12.2022 23:00:00";"0";"0";"0";"1";"01.01.0001 00:00:00";""
"2100";"23.12.2022 23:00:00";"181165";"0";"50";"0";"0";"23.12.2022 23:39:16";"0";"23.12.2022 23:00:00";"0";"23.12.2022 23:00:00";"0";"0";"0";"1";"01.01.0001 00:00:00";""
"2100";"24.12.2022 23:00:00";"181165";"0";"50";"1";"0";"24.12.2022 23:39:28";"0";"24.12.2022 23:00:00";"0";"24.12.2022 23:00:00";"0";"0";"0";"1";"01.01.0001 00:00:00";""
"2100";"25.12.2022 23:00:00";"181165";"0";"50";"1";"0";"25.12.2022 23:39:27";"0";"25.12.2022 23:00:00";"0";"25.12.2022 23:00:00";"0";"0";"0";"1";"01.01.0001 00:00:00";""
"2100";"26.12.2022 23:00:00";"181165";"0";"50";"1";"0";"26.12.2022 23:39:46";"0";"26.12.2022 23:00:00";"0";"26.12.2022 23:00:00";"0";"0";"0";"1";"01.01.0001 00:00:00";""
"2100";"27.12.2022 23:00:00";"181165";"0";"50";"0";"0";"27.12.2022 23:38:03";"0";"27.12.2022 23:00:00";"0";"27.12.2022 23:00:00";"0";"0";"0";"1";"01.01.0001 00:00:00";""
"2100";"28.12.2022 23:00:00";"181165";"0";"50";"0";"0";"28.12.2022 23:39:31";"0";"28.12.2022 23:00:00";"0";"28.12.2022 23:00:00";"0";"0";"0";"1";"01.01.0001 00:00:00";""
"2100";"29.12.2022 23:00:00";"181165";"0";"50";"1";"0";"29.12.2022 23:39:14";"0";"29.12.2022 23:00:00";"0";"29.12.2022 23:00:00";"0";"0";"0";"1";"01.01.0001 00:00:00";""
"2100";"30.12.2022 23:00:00";"181165";"0";"50";"1";"0";"30.12.2022 23:38:52";"0";"30.12.2022 23:00:00";"0";"30.12.2022 23:00:00";"0";"0";"0";"1";"01.01.0001 00:00:00";""
"2100";"31.12.2022 23:00:00";"181165";"0";"50";"1";"0";"31.12.2022 23:43:40";"0";"31.12.2022 23:00:00";"0";"31.12.2022 23:00:00";"0";"0";"0";"1";"01.01.0001 00:00:00";""
